,Reserves,PCE_YOY,EFFR,Month,Day,Year,Date,Total,Inflation_Related,Expectation_Related,Resolve_Related,Optimism_Related,Recession_Related,Employment_Related,Unemployment_Related,Wage_Related,Instability_Related,Crisis_Related,Rate_Related,Spread_Related,Easing_Related,Tightening_Related,Uncertainty_Related,Output_Related,Declining_Related,Rising_Related,Concern_Related,Labor_Related,Interest_Related,Inflation_Share,Expectation_Share,Resolve_Share,Optimism_Share,Recession_Share,Employment_Share,Unemployment_Share,Wage_Share,Instability_Share,Crisis_Share,Rate_Share,Spread_Share,Easing_Share,Tightening_Share,Uncertainty_Share,Output_Share,Declining_Share,Rising_Share,Concern_Share,Labor_Share,Interest_Share
0,,,4.83,4,1,2023,2023-04-01,7,2,1,0,0,0,1,0,1,0,1,3,0,0,1,0,0,0,0,0,2,1,0.2857142857142857,0.14285714285714285,0.0,0.0,0.0,0.14285714285714285,0.0,0.14285714285714285,0.0,0.14285714285714285,0.42857142857142855,0.0,0.0,0.14285714285714285,0.0,0.0,0.0,0.0,0.0,0.2857142857142857,0.14285714285714285
1,3258400.0,4.16416,4.70125,3,1,2023,2023-03-01,8,4,3,0,0,0,3,1,2,0,0,6,0,0,1,0,1,0,0,0,2,2,0.5,0.375,0.0,0.0,0.0,0.375,0.125,0.25,0.0,0.0,0.75,0.0,0.0,0.125,0.0,0.125,0.0,0.0,0.0,0.25,0.25
2,3021800.0,5.07497,4.57875,2,1,2023,2023-02-01,8,4,2,0,0,0,0,0,1,0,0,6,0,0,0,0,0,0,0,0,2,1,0.5,0.25,0.0,0.0,0.0,0.0,0.0,0.125,0.0,0.0,0.75,0.0,0.0,0.0,0.0,0.0,0.0,0.0,0.0,0.25,0.125
3,3029900.0,5.38131,4.33,1,1,2023,2023-01-01,5,4,2,0,0,0,2,0,2,0,0,4,0,0,1,0,0,0,0,0,4,1,0.8,0.4,0.0,0.0,0.0,0.4,0.0,0.4,0.0,0.0,0.8,0.0,0.0,0.2,0.0,0.0,0.0,0.0,0.0,0.8,0.2
4,3107300.0,5.3012,3.83,12,1,2022,2022-12-01,1,0,0,0,0,0,0,0,0,0,1,1,0,0,0,0,0,0,0,0,0,0,0.0,0.0,0.0,0.0,0.0,0.0,0.0,0.0,0.0,1.0,1.0,0.0,0.0,0.0,0.0,0.0,0.0,0.0,0.0,0.0,0.0
5,3126200.0,5.65905,3.83,11,1,2022,2022-11-01,6,5,1,0,0,0,1,0,2,0,0,5,0,0,1,1,1,0,0,0,4,1,0.8333333333333334,0.16666666666666666,0.0,0.0,0.0,0.16666666666666666,0.0,0.3333333333333333,0.0,0.0,0.8333333333333334,0.0,0.0,0.16666666666666666,0.16666666666666666,0.16666666666666666,0.0,0.0,0.0,0.6666666666666666,0.16666666666666666
6,3055700.0,6.1262,3.0800000000000005,10,1,2022,2022-10-01,7,4,0,0,0,0,2,0,0,0,1,3,0,0,1,1,0,0,0,0,3,0,0.5714285714285714,0.0,0.0,0.0,0.0,0.2857142857142857,0.0,0.0,0.0,0.14285714285714285,0.42857142857142855,0.0,0.0,0.14285714285714285,0.14285714285714285,0.0,0.0,0.0,0.0,0.42857142857142855,0.0
7,3131400.0,6.28895,2.758571428571429,9,1,2022,2022-09-01,7,3,1,0,0,0,1,0,1,0,2,6,0,0,3,0,0,0,0,0,2,0,0.42857142857142855,0.14285714285714285,0.0,0.0,0.0,0.14285714285714285,0.0,0.14285714285714285,0.0,0.2857142857142857,0.8571428571428571,0.0,0.0,0.42857142857142855,0.0,0.0,0.0,0.0,0.0,0.2857142857142857,0.0
8,3305900.0,6.25537,2.33,8,1,2022,2022-08-01,4,1,2,0,0,0,0,0,0,0,0,1,0,0,0,0,0,0,0,0,0,0,0.25,0.5,0.0,0.0,0.0,0.0,0.0,0.0,0.0,0.0,0.25,0.0,0.0,0.0,0.0,0.0,0.0,0.0,0.0,0.0,0.0
9,3258700.0,6.38956,1.58,7,1,2022,2022-07-01,3,1,1,0,0,1,1,1,0,0,0,2,0,0,1,0,0,0,0,0,1,0,0.3333333333333333,0.3333333333333333,0.0,0.0,0.3333333333333333,0.3333333333333333,0.3333333333333333,0.0,0.0,0.0,0.6666666666666666,0.0,0.0,0.3333333333333333,0.0,0.0,0.0,0.0,0.0,0.3333333333333333,0.0
10,3228400.0,6.9757,1.33,6,1,2022,2022-06-01,3,1,1,0,0,0,0,0,0,0,0,1,0,0,0,0,0,0,0,0,1,0,0.3333333333333333,0.3333333333333333,0.0,0.0,0.0,0.0,0.0,0.0,0.0,0.0,0.3333333333333333,0.0,0.0,0.0,0.0,0.0,0.0,0.0,0.0,0.3333333333333333,0.0
11,3317900.0,6.51547,0.83,5,1,2022,2022-05-01,3,1,0,0,0,0,2,0,0,0,1,1,0,0,0,0,0,0,0,0,1,0,0.3333333333333333,0.0,0.0,0.0,0.0,0.6666666666666666,0.0,0.0,0.0,0.3333333333333333,0.3333333333333333,0.0,0.0,0.0,0.0,0.0,0.0,0.0,0.0,0.3333333333333333,0.0
12,3615400.0,6.41205,0.33,4,1,2022,2022-04-01,1,1,0,0,0,0,1,0,0,0,0,1,0,0,0,0,0,0,0,0,1,0,1.0,0.0,0.0,0.0,0.0,1.0,0.0,0.0,0.0,0.0,1.0,0.0,0.0,0.0,0.0,0.0,0.0,0.0,0.0,1.0,0.0
13,3874700.0,6.76658,0.33,3,1,2022,2022-03-01,3,2,1,0,0,1,1,1,0,0,0,2,0,0,0,0,0,0,0,0,1,0,0.6666666666666666,0.3333333333333333,0.0,0.0,0.3333333333333333,0.3333333333333333,0.3333333333333333,0.0,0.0,0.0,0.6666666666666666,0.0,0.0,0.0,0.0,0.0,0.0,0.0,0.0,0.3333333333333333,0.0
14,3804500.0,6.38893,0.08,2,1,2022,2022-02-01,3,1,1,0,0,0,1,0,0,0,0,1,0,0,1,0,0,0,0,0,1,0,0.3333333333333333,0.3333333333333333,0.0,0.0,0.0,0.3333333333333333,0.0,0.0,0.0,0.0,0.3333333333333333,0.0,0.0,0.3333333333333333,0.0,0.0,0.0,0.0,0.0,0.3333333333333333,0.0
15,4187900.0,5.96612,0.08,12,1,2021,2021-12-01,2,1,0,0,0,0,1,1,0,0,2,2,0,1,0,0,0,0,0,1,1,0,0.5,0.0,0.0,0.0,0.0,0.5,0.5,0.0,0.0,1.0,1.0,0.0,0.5,0.0,0.0,0.0,0.0,0.0,0.5,0.5,0.0
16,4180600.0,5.85138,0.079,11,1,2021,2021-11-01,10,3,2,0,0,0,4,1,0,0,1,6,0,0,0,0,0,0,0,1,2,1,0.3,0.2,0.0,0.0,0.0,0.4,0.1,0.0,0.0,0.1,0.6,0.0,0.0,0.0,0.0,0.0,0.0,0.0,0.1,0.2,0.1
17,4128100.0,5.22266,0.08,10,1,2021,2021-10-01,10,4,4,0,0,0,5,3,1,0,1,6,0,0,0,0,0,0,0,1,5,1,0.4,0.4,0.0,0.0,0.0,0.5,0.3,0.1,0.0,0.1,0.6,0.0,0.0,0.0,0.0,0.0,0.0,0.0,0.1,0.5,0.1
18,4193200.0,4.65448,0.08,9,1,2021,2021-09-01,4,1,2,0,0,0,1,1,0,0,0,3,0,0,0,0,0,0,0,0,1,0,0.25,0.5,0.0,0.0,0.0,0.25,0.25,0.0,0.0,0.0,0.75,0.0,0.0,0.0,0.0,0.0,0.0,0.0,0.0,0.25,0.0
19,4140100.0,4.51751,0.096,8,1,2021,2021-08-01,5,2,2,0,0,1,2,2,1,0,0,3,0,0,0,0,0,0,0,0,3,1,0.4,0.4,0.0,0.0,0.2,0.4,0.4,0.2,0.0,0.0,0.6,0.0,0.0,0.0,0.0,0.0,0.0,0.0,0.0,0.6,0.2
20,3943900.0,4.42416,0.07,7,1,2021,2021-07-01,1,1,1,0,0,0,1,0,0,0,0,1,0,0,0,0,0,0,0,0,0,0,1.0,1.0,0.0,0.0,0.0,1.0,0.0,0.0,0.0,0.0,1.0,0.0,0.0,0.0,0.0,0.0,0.0,0.0,0.0,0.0,0.0
21,3848100.0,4.25478,0.08,6,1,2021,2021-06-01,4,1,1,0,0,0,2,0,0,0,1,2,0,0,0,0,0,0,0,1,2,0,0.25,0.25,0.0,0.0,0.0,0.5,0.0,0.0,0.0,0.25,0.5,0.0,0.0,0.0,0.0,0.0,0.0,0.0,0.25,0.5,0.0
22,3872400.0,4.04701,0.060000000000000005,5,1,2021,2021-05-01,9,4,3,0,0,0,5,1,2,0,0,5,0,0,0,0,0,0,0,0,3,1,0.4444444444444444,0.3333333333333333,0.0,0.0,0.0,0.5555555555555556,0.1111111111111111,0.2222222222222222,0.0,0.0,0.5555555555555556,0.0,0.0,0.0,0.0,0.0,0.0,0.0,0.0,0.3333333333333333,0.1111111111111111
23,3887300.0,3.62945,0.07,4,1,2021,2021-04-01,1,1,1,0,0,0,1,1,0,0,0,1,0,0,0,1,1,0,0,0,1,0,1.0,1.0,0.0,0.0,0.0,1.0,1.0,0.0,0.0,0.0,1.0,0.0,0.0,0.0,1.0,1.0,0.0,0.0,0.0,1.0,0.0
24,3721300.0,2.53375,0.07,3,1,2021,2021-03-01,10,5,2,0,0,0,5,1,0,0,2,9,1,0,0,0,0,0,0,1,2,1,0.5,0.2,0.0,0.0,0.0,0.5,0.1,0.0,0.0,0.2,0.9,0.1,0.0,0.0,0.0,0.0,0.0,0.0,0.1,0.2,0.1
25,3345900.0,1.70253,0.07285714285714286,2,1,2021,2021-02-01,7,3,0,0,0,1,3,2,2,0,1,5,0,0,0,1,0,0,0,0,2,0,0.42857142857142855,0.0,0.0,0.0,0.14285714285714285,0.42857142857142855,0.2857142857142857,0.2857142857142857,0.0,0.14285714285714285,0.7142857142857143,0.0,0.0,0.0,0.14285714285714285,0.0,0.0,0.0,0.0,0.2857142857142857,0.0
26,3153800.0,1.47732,0.09,1,1,2021,2021-01-01,4,3,3,0,0,0,3,2,0,0,0,4,0,0,0,0,0,0,0,0,1,1,0.75,0.75,0.0,0.0,0.0,0.75,0.5,0.0,0.0,0.0,1.0,0.0,0.0,0.0,0.0,0.0,0.0,0.0,0.0,0.25,0.25
27,3135000.0,1.27691,0.09,12,1,2020,2020-12-01,5,0,0,0,0,0,0,0,0,0,0,2,0,0,0,0,0,0,0,0,0,0,0.0,0.0,0.0,0.0,0.0,0.0,0.0,0.0,0.0,0.0,0.4,0.0,0.0,0.0,0.0,0.0,0.0,0.0,0.0,0.0,0.0
28,3034700.0,1.08356,0.0875,11,1,2020,2020-11-01,4,1,1,0,0,0,1,1,0,0,1,3,0,0,0,0,0,0,0,0,2,0,0.25,0.25,0.0,0.0,0.0,0.25,0.25,0.0,0.0,0.25,0.75,0.0,0.0,0.0,0.0,0.0,0.0,0.0,0.0,0.5,0.0
29,2876600.0,1.10937,0.09,10,1,2020,2020-10-01,11,4,1,0,0,0,5,2,0,0,2,8,0,0,0,0,0,0,0,0,2,0,0.36363636363636365,0.09090909090909091,0.0,0.0,0.0,0.45454545454545453,0.18181818181818182,0.0,0.0,0.18181818181818182,0.7272727272727273,0.0,0.0,0.0,0.0,0.0,0.0,0.0,0.0,0.18181818181818182,0.0
30,2852800.0,1.27578,0.09,9,1,2020,2020-09-01,4,2,2,0,0,0,2,2,0,0,0,3,0,0,0,0,0,0,0,2,2,2,0.5,0.5,0.0,0.0,0.0,0.5,0.5,0.0,0.0,0.0,0.75,0.0,0.0,0.0,0.0,0.0,0.0,0.0,0.5,0.5,0.5
31,2799700.0,1.16133,0.09166666666666667,8,1,2020,2020-08-01,6,2,2,0,0,0,3,2,0,0,2,2,0,0,0,0,0,0,0,0,2,2,0.3333333333333333,0.3333333333333333,0.0,0.0,0.0,0.5,0.3333333333333333,0.0,0.0,0.3333333333333333,0.3333333333333333,0.0,0.0,0.0,0.0,0.0,0.0,0.0,0.0,0.3333333333333333,0.3333333333333333
32,2718500.0,0.88833,0.09,7,1,2020,2020-07-01,2,1,1,0,0,0,1,1,0,0,1,1,0,0,0,0,0,0,0,0,1,0,0.5,0.5,0.0,0.0,0.0,0.5,0.5,0.0,0.0,0.5,0.5,0.0,0.0,0.0,0.0,0.0,0.0,0.0,0.0,0.5,0.0
33,3043600.0,0.73771,0.09000000000000001,6,1,2020,2020-06-01,3,1,0,0,0,0,1,0,0,0,1,2,0,0,0,1,0,0,0,0,0,0,0.3333333333333333,0.0,0.0,0.0,0.0,0.3333333333333333,0.0,0.0,0.0,0.3333333333333333,0.6666666666666666,0.0,0.0,0.0,0.3333333333333333,0.0,0.0,0.0,0.0,0.0,0.0
34,3217600.0,0.45241,0.05,5,1,2020,2020-05-01,5,1,0,0,0,1,1,0,0,0,0,1,0,0,0,0,0,0,0,0,0,0,0.2,0.0,0.0,0.0,0.2,0.2,0.0,0.0,0.0,0.0,0.2,0.0,0.0,0.0,0.0,0.0,0.0,0.0,0.0,0.0,0.0
35,2953600.0,0.41629,0.05,4,1,2020,2020-04-01,1,0,0,0,0,0,0,0,0,0,0,0,0,0,0,0,0,0,0,0,0,0,0.0,0.0,0.0,0.0,0.0,0.0,0.0,0.0,0.0,0.0,0.0,0.0,0.0,0.0,0.0,0.0,0.0,0.0,0.0,0.0,0.0
36,1657000.0,1.76278,1.5825,2,1,2020,2020-02-01,8,4,5,0,0,1,1,0,0,0,2,5,0,0,0,0,0,0,0,0,1,4,0.5,0.625,0.0,0.0,0.125,0.125,0.0,0.0,0.0,0.25,0.625,0.0,0.0,0.0,0.0,0.0,0.0,0.0,0.0,0.125,0.5
37,1645400.0,1.80497,1.5475,1,1,2020,2020-01-01,4,1,1,0,0,0,0,0,0,0,0,4,0,0,0,0,0,0,0,0,0,1,0.25,0.25,0.0,0.0,0.0,0.0,0.0,0.0,0.0,0.0,1.0,0.0,0.0,0.0,0.0,0.0,0.0,0.0,0.0,0.0,0.25
38,1630100.0,1.60105,1.55,12,1,2019,2019-12-01,1,0,0,0,0,0,0,0,0,0,0,1,0,0,0,0,0,0,0,0,0,0,0.0,0.0,0.0,0.0,0.0,0.0,0.0,0.0,0.0,0.0,1.0,0.0,0.0,0.0,0.0,0.0,0.0,0.0,0.0,0.0,0.0
39,1529300.0,1.37654,1.5550000000000002,11,1,2019,2019-11-01,8,6,3,0,0,2,4,1,0,0,2,7,0,0,0,0,1,0,0,0,4,4,0.75,0.375,0.0,0.0,0.25,0.5,0.125,0.0,0.0,0.25,0.875,0.0,0.0,0.0,0.0,0.125,0.0,0.0,0.0,0.5,0.5
40,1481500.0,1.37619,1.8472727272727274,10,1,2019,2019-10-01,11,4,0,0,0,0,1,0,0,0,0,7,0,0,0,0,1,0,1,0,1,1,0.36363636363636365,0.0,0.0,0.0,0.0,0.09090909090909091,0.0,0.0,0.0,0.0,0.6363636363636364,0.0,0.0,0.0,0.0,0.09090909090909091,0.0,0.09090909090909091,0.0,0.09090909090909091,0.09090909090909091
41,1439800.0,1.35095,1.9579999999999997,9,1,2019,2019-09-01,5,1,1,0,0,0,2,2,1,0,3,4,0,0,0,0,0,0,0,0,1,1,0.2,0.2,0.0,0.0,0.0,0.4,0.4,0.2,0.0,0.6,0.8,0.0,0.0,0.0,0.0,0.0,0.0,0.0,0.0,0.2,0.2
42,1520900.0,1.50228,2.1266666666666665,8,1,2019,2019-08-01,3,1,0,0,0,1,1,1,0,0,1,1,0,0,0,1,0,0,1,0,1,1,0.3333333333333333,0.0,0.0,0.0,0.3333333333333333,0.3333333333333333,0.3333333333333333,0.0,0.0,0.3333333333333333,0.3333333333333333,0.0,0.0,0.0,0.3333333333333333,0.0,0.0,0.3333333333333333,0.0,0.3333333333333333,0.3333333333333333
43,1513600.0,1.54681,2.404,7,1,2019,2019-07-01,5,3,1,0,0,1,2,2,0,0,3,4,0,0,0,0,0,0,0,0,2,2,0.6,0.2,0.0,0.0,0.2,0.4,0.4,0.0,0.0,0.6,0.8,0.0,0.0,0.0,0.0,0.0,0.0,0.0,0.0,0.4,0.4
44,1535900.0,1.49376,2.38,6,1,2019,2019-06-01,6,2,0,0,0,0,3,1,0,0,1,5,0,0,0,0,0,0,0,0,0,3,0.3333333333333333,0.0,0.0,0.0,0.0,0.5,0.16666666666666666,0.0,0.0,0.16666666666666666,0.8333333333333334,0.0,0.0,0.0,0.0,0.0,0.0,0.0,0.0,0.0,0.5
45,1511300.0,1.53707,2.388181818181818,5,1,2019,2019-05-01,11,6,5,0,0,3,7,5,0,0,2,9,0,1,0,1,1,0,1,1,4,7,0.5454545454545454,0.45454545454545453,0.0,0.0,0.2727272727272727,0.6363636363636364,0.45454545454545453,0.0,0.0,0.18181818181818182,0.8181818181818182,0.0,0.09090909090909091,0.0,0.09090909090909091,0.09090909090909091,0.0,0.09090909090909091,0.09090909090909091,0.36363636363636365,0.6363636363636364
46,1559400.0,1.65944,2.41,4,1,2019,2019-04-01,6,2,1,0,0,0,1,1,0,0,2,4,0,0,0,0,0,0,0,1,1,1,0.3333333333333333,0.16666666666666666,0.0,0.0,0.0,0.16666666666666666,0.16666666666666666,0.0,0.0,0.3333333333333333,0.6666666666666666,0.0,0.0,0.0,0.0,0.0,0.0,0.0,0.16666666666666666,0.16666666666666666,0.16666666666666666
47,1661300.0,1.54578,2.4066666666666667,3,1,2019,2019-03-01,9,3,0,0,0,0,1,0,0,0,3,6,0,0,0,0,0,0,0,1,2,3,0.3333333333333333,0.0,0.0,0.0,0.0,0.1111111111111111,0.0,0.0,0.0,0.3333333333333333,0.6666666666666666,0.0,0.0,0.0,0.0,0.0,0.0,0.0,0.1111111111111111,0.2222222222222222,0.3333333333333333
48,1645200.0,1.41324,2.4,2,1,2019,2019-02-01,9,3,1,0,0,0,3,0,0,0,1,4,0,0,0,0,0,0,1,0,1,2,0.3333333333333333,0.1111111111111111,0.0,0.0,0.0,0.3333333333333333,0.0,0.0,0.0,0.1111111111111111,0.4444444444444444,0.0,0.0,0.0,0.0,0.0,0.0,0.1111111111111111,0.0,0.1111111111111111,0.2222222222222222
49,1639000.0,1.50426,2.4,1,1,2019,2019-01-01,2,1,1,0,0,0,1,1,1,0,0,2,0,0,0,0,0,0,0,0,1,0,0.5,0.5,0.0,0.0,0.0,0.5,0.5,0.5,0.0,0.0,1.0,0.0,0.0,0.0,0.0,0.0,0.0,0.0,0.0,0.5,0.0
50,1691400.0,1.87979,2.1933333333333334,12,1,2018,2018-12-01,6,1,0,0,0,0,1,0,0,0,1,3,0,1,0,0,0,0,0,0,1,0,0.16666666666666666,0.0,0.0,0.0,0.0,0.16666666666666666,0.0,0.0,0.0,0.16666666666666666,0.5,0.0,0.16666666666666666,0.0,0.0,0.0,0.0,0.0,0.0,0.16666666666666666,0.0
51,1775300.0,2.00702,2.198,11,1,2018,2018-11-01,5,1,0,0,0,0,1,1,0,0,1,4,0,0,0,0,0,0,0,0,1,1,0.2,0.0,0.0,0.0,0.0,0.2,0.2,0.0,0.0,0.2,0.8,0.0,0.0,0.0,0.0,0.0,0.0,0.0,0.0,0.2,0.2
52,1830000.0,2.13412,2.185714285714286,10,1,2018,2018-10-01,7,3,2,0,0,0,2,2,2,0,1,6,0,1,0,1,0,0,1,0,3,1,0.42857142857142855,0.2857142857142857,0.0,0.0,0.0,0.2857142857142857,0.2857142857142857,0.2857142857142857,0.0,0.14285714285714285,0.8571428571428571,0.0,0.14285714285714285,0.0,0.14285714285714285,0.0,0.0,0.14285714285714285,0.0,0.42857142857142855,0.14285714285714285
53,1873900.0,2.11004,2.05,9,1,2018,2018-09-01,2,1,1,0,0,0,1,1,0,0,1,1,0,0,0,0,0,0,0,0,0,1,0.5,0.5,0.0,0.0,0.0,0.5,0.5,0.0,0.0,0.5,0.5,0.0,0.0,0.0,0.0,0.0,0.0,0.0,0.0,0.0,0.5
54,1911200.0,2.27065,1.92,8,1,2018,2018-08-01,1,1,1,0,0,0,1,1,0,0,1,1,0,0,0,1,0,0,1,0,1,1,1.0,1.0,0.0,0.0,0.0,1.0,1.0,0.0,0.0,1.0,1.0,0.0,0.0,0.0,1.0,0.0,0.0,1.0,0.0,1.0,1.0
55,1949800.0,2.43287,1.91,7,1,2018,2018-07-01,2,0,0,0,0,0,0,0,0,0,0,1,0,0,0,0,0,0,0,0,0,0,0.0,0.0,0.0,0.0,0.0,0.0,0.0,0.0,0.0,0.0,0.5,0.0,0.0,0.0,0.0,0.0,0.0,0.0,0.0,0.0,0.0
56,1988200.0,2.3645,1.915,6,1,2018,2018-06-01,2,1,1,0,0,0,1,1,0,0,1,1,0,0,0,0,0,0,0,0,1,0,0.5,0.5,0.0,0.0,0.0,0.5,0.5,0.0,0.0,0.5,0.5,0.0,0.0,0.0,0.0,0.0,0.0,0.0,0.0,0.5,0.0
57,2022500.0,2.34501,1.7,5,1,2018,2018-05-01,7,1,1,0,0,1,1,1,0,0,5,6,0,0,1,0,0,0,0,0,1,3,0.14285714285714285,0.14285714285714285,0.0,0.0,0.14285714285714285,0.14285714285714285,0.14285714285714285,0.0,0.0,0.7142857142857143,0.8571428571428571,0.0,0.0,0.14285714285714285,0.0,0.0,0.0,0.0,0.0,0.14285714285714285,0.42857142857142855
58,2086200.0,2.12211,1.69,4,1,2018,2018-04-01,4,1,0,0,0,0,2,2,0,0,3,4,0,0,0,0,1,0,0,0,1,0,0.25,0.0,0.0,0.0,0.0,0.5,0.5,0.0,0.0,0.75,1.0,0.0,0.0,0.0,0.0,0.25,0.0,0.0,0.0,0.25,0.0
59,2167000.0,2.14668,1.5066666666666666,3,1,2018,2018-03-01,3,1,0,0,0,0,1,0,0,0,2,3,0,0,0,0,0,0,0,0,1,0,0.3333333333333333,0.0,0.0,0.0,0.0,0.3333333333333333,0.0,0.0,0.0,0.6666666666666666,1.0,0.0,0.0,0.0,0.0,0.0,0.0,0.0,0.0,0.3333333333333333,0.0
60,2238800.0,1.94658,1.42,2,1,2018,2018-02-01,4,2,0,0,0,0,0,0,0,0,2,2,0,0,0,0,0,0,0,0,2,1,0.5,0.0,0.0,0.0,0.0,0.0,0.0,0.0,0.0,0.5,0.5,0.0,0.0,0.0,0.0,0.0,0.0,0.0,0.0,0.5,0.25
61,2214600.0,1.85375,1.42,1,1,2018,2018-01-01,1,0,0,0,0,0,0,0,0,0,1,0,0,0,0,0,0,0,0,0,0,0,0.0,0.0,0.0,0.0,0.0,0.0,0.0,0.0,0.0,1.0,0.0,0.0,0.0,0.0,0.0,0.0,0.0,0.0,0.0,0.0,0.0
62,2244300.0,1.86922,1.17,12,1,2017,2017-12-01,1,0,0,0,0,0,1,0,0,0,0,1,0,0,0,0,0,0,0,0,1,0,0.0,0.0,0.0,0.0,0.0,1.0,0.0,0.0,0.0,0.0,1.0,0.0,0.0,0.0,0.0,0.0,0.0,0.0,0.0,1.0,0.0
63,2314500.0,1.90697,1.142,11,1,2017,2017-11-01,5,0,0,0,0,0,0,0,0,0,0,3,0,0,0,0,0,0,0,0,1,1,0.0,0.0,0.0,0.0,0.0,0.0,0.0,0.0,0.0,0.0,0.6,0.0,0.0,0.0,0.0,0.0,0.0,0.0,0.0,0.2,0.2
64,2245700.0,1.77695,1.16,10,1,2017,2017-10-01,6,1,1,0,0,1,2,0,0,0,3,5,1,0,1,0,0,0,0,1,1,3,0.16666666666666666,0.16666666666666666,0.0,0.0,0.16666666666666666,0.3333333333333333,0.0,0.0,0.0,0.5,0.8333333333333334,0.16666666666666666,0.0,0.16666666666666666,0.0,0.0,0.0,0.0,0.16666666666666666,0.16666666666666666,0.5
65,2295700.0,1.85166,1.16,9,1,2017,2017-09-01,5,3,2,0,0,2,4,4,1,0,3,5,0,1,0,1,0,1,1,0,3,2,0.6,0.4,0.0,0.0,0.4,0.8,0.8,0.2,0.0,0.6,1.0,0.0,0.2,0.0,0.2,0.0,0.2,0.2,0.0,0.6,0.4
66,2344000.0,1.64696,1.16,8,1,2017,2017-08-01,2,0,0,0,0,0,0,0,0,0,1,1,0,0,0,0,0,0,0,0,0,0,0.0,0.0,0.0,0.0,0.0,0.0,0.0,0.0,0.0,0.5,0.5,0.0,0.0,0.0,0.0,0.0,0.0,0.0,0.0,0.0,0.0
67,2233300.0,1.55827,1.1449999999999998,7,1,2017,2017-07-01,6,3,0,0,0,0,0,0,0,0,2,6,0,0,2,1,2,0,0,0,2,3,0.5,0.0,0.0,0.0,0.0,0.0,0.0,0.0,0.0,0.3333333333333333,1.0,0.0,0.0,0.3333333333333333,0.16666666666666666,0.3333333333333333,0.0,0.0,0.0,0.3333333333333333,0.5
68,2206500.0,1.57427,1.1099999999999999,6,1,2017,2017-06-01,5,1,0,0,0,0,1,1,1,0,3,3,0,0,0,0,0,0,0,0,1,2,0.2,0.0,0.0,0.0,0.0,0.2,0.2,0.2,0.0,0.6,0.6,0.0,0.0,0.0,0.0,0.0,0.0,0.0,0.0,0.2,0.4
69,2225800.0,1.67056,0.91,5,1,2017,2017-05-01,4,2,1,0,0,1,3,2,2,0,1,4,0,1,0,0,0,0,0,1,3,2,0.5,0.25,0.0,0.0,0.25,0.75,0.5,0.5,0.0,0.25,1.0,0.0,0.25,0.0,0.0,0.0,0.0,0.0,0.25,0.75,0.5
70,2281400.0,1.85026,0.8966666666666666,4,1,2017,2017-04-01,6,0,1,0,0,0,0,0,0,0,2,5,0,0,1,1,0,0,0,2,0,0,0.0,0.16666666666666666,0.0,0.0,0.0,0.0,0.0,0.0,0.0,0.3333333333333333,0.8333333333333334,0.0,0.0,0.16666666666666666,0.16666666666666666,0.0,0.0,0.0,0.3333333333333333,0.0,0.0
71,2326300.0,1.96268,0.7671428571428571,3,1,2017,2017-03-01,7,2,0,0,0,1,3,2,0,0,1,5,0,1,0,0,0,0,0,0,1,3,0.2857142857142857,0.0,0.0,0.0,0.14285714285714285,0.42857142857142855,0.2857142857142857,0.0,0.0,0.14285714285714285,0.7142857142857143,0.0,0.14285714285714285,0.0,0.0,0.0,0.0,0.0,0.0,0.14285714285714285,0.42857142857142855
72,2238000.0,2.2549,0.66,2,1,2017,2017-02-01,1,1,1,0,0,0,1,1,0,0,1,1,0,0,0,1,1,0,0,0,1,1,1.0,1.0,0.0,0.0,0.0,1.0,1.0,0.0,0.0,1.0,1.0,0.0,0.0,0.0,1.0,1.0,0.0,0.0,0.0,1.0,1.0
73,2092800.0,2.03473,0.66,1,1,2017,2017-01-01,4,3,2,0,0,0,3,3,1,0,1,3,0,0,0,1,1,0,0,0,1,3,0.75,0.5,0.0,0.0,0.0,0.75,0.75,0.25,0.0,0.25,0.75,0.0,0.0,0.0,0.25,0.25,0.0,0.0,0.0,0.25,0.75
74,2031000.0,1.70842,0.41,12,1,2016,2016-12-01,2,0,0,0,0,1,0,0,0,0,1,1,0,0,0,0,0,0,0,0,0,0,0.0,0.0,0.0,0.0,0.5,0.0,0.0,0.0,0.0,0.5,0.5,0.0,0.0,0.0,0.0,0.0,0.0,0.0,0.0,0.0,0.0
75,2140300.0,1.44092,0.39571428571428574,11,1,2016,2016-11-01,7,3,0,0,0,0,4,3,1,0,3,6,0,0,0,1,1,0,0,1,3,2,0.42857142857142855,0.0,0.0,0.0,0.0,0.5714285714285714,0.42857142857142855,0.14285714285714285,0.0,0.42857142857142855,0.8571428571428571,0.0,0.0,0.0,0.14285714285714285,0.14285714285714285,0.0,0.0,0.14285714285714285,0.42857142857142855,0.2857142857142857
76,2095100.0,1.46407,0.4066666666666667,10,1,2016,2016-10-01,6,3,1,0,0,3,2,1,1,0,2,5,0,0,0,0,2,0,0,2,2,3,0.5,0.16666666666666666,0.0,0.0,0.5,0.3333333333333333,0.16666666666666666,0.16666666666666666,0.0,0.3333333333333333,0.8333333333333334,0.0,0.0,0.0,0.0,0.3333333333333333,0.0,0.0,0.3333333333333333,0.3333333333333333,0.5
77,2265300.0,1.22569,0.4,9,1,2016,2016-09-01,5,1,2,0,0,1,1,1,0,0,2,3,0,1,0,0,0,0,0,0,2,1,0.2,0.4,0.0,0.0,0.2,0.2,0.2,0.0,0.0,0.4,0.6,0.0,0.2,0.0,0.0,0.0,0.0,0.0,0.0,0.4,0.2
78,2352300.0,0.90099,0.4,8,1,2016,2016-08-01,1,1,0,0,0,1,1,1,0,0,1,1,0,0,0,0,0,0,0,0,1,1,1.0,0.0,0.0,0.0,1.0,1.0,1.0,0.0,0.0,1.0,1.0,0.0,0.0,0.0,0.0,0.0,0.0,0.0,0.0,1.0,1.0
79,2309700.0,0.75115,0.4,7,1,2016,2016-07-01,1,0,0,0,0,0,0,0,0,0,1,0,0,0,0,0,0,0,0,0,0,0,0.0,0.0,0.0,0.0,0.0,0.0,0.0,0.0,0.0,1.0,0.0,0.0,0.0,0.0,0.0,0.0,0.0,0.0,0.0,0.0,0.0
80,2367000.0,0.79241,0.382,6,1,2016,2016-06-01,5,2,2,1,0,2,2,1,1,0,0,3,0,0,0,1,0,0,0,1,2,1,0.4,0.4,0.2,0.0,0.4,0.4,0.2,0.2,0.0,0.0,0.6,0.0,0.0,0.0,0.2,0.0,0.0,0.0,0.2,0.4,0.2
81,2384100.0,0.79588,0.36999999999999994,5,1,2016,2016-05-01,3,2,1,0,0,1,1,1,0,0,1,3,0,0,0,0,2,0,1,0,1,1,0.6666666666666666,0.3333333333333333,0.0,0.0,0.3333333333333333,0.3333333333333333,0.3333333333333333,0.0,0.0,0.3333333333333333,1.0,0.0,0.0,0.0,0.0,0.6666666666666666,0.0,0.3333333333333333,0.0,0.3333333333333333,0.3333333333333333
82,2427700.0,0.88718,0.37,4,1,2016,2016-04-01,1,0,0,0,0,0,0,0,0,0,0,1,0,0,0,0,0,0,0,0,0,1,0.0,0.0,0.0,0.0,0.0,0.0,0.0,0.0,0.0,0.0,1.0,0.0,0.0,0.0,0.0,0.0,0.0,0.0,0.0,0.0,1.0
83,2460400.0,0.63211,0.3633333333333333,3,1,2016,2016-03-01,3,3,3,0,0,0,2,2,0,0,2,3,0,0,0,0,1,0,0,0,2,3,1.0,1.0,0.0,0.0,0.0,0.6666666666666666,0.6666666666666666,0.0,0.0,0.6666666666666666,1.0,0.0,0.0,0.0,0.0,0.3333333333333333,0.0,0.0,0.0,0.6666666666666666,1.0
84,2448800.0,0.5924,0.376,2,1,2016,2016-02-01,5,4,1,0,0,0,3,1,0,0,1,5,0,0,0,0,0,0,0,0,3,2,0.8,0.2,0.0,0.0,0.0,0.6,0.2,0.0,0.0,0.2,1.0,0.0,0.0,0.0,0.0,0.0,0.0,0.0,0.0,0.6,0.4
85,2419800.0,0.30406,0.13,12,1,2015,2015-12-01,4,1,1,0,0,0,1,0,0,0,2,2,0,0,0,0,1,0,0,0,0,1,0.25,0.25,0.0,0.0,0.0,0.25,0.0,0.0,0.0,0.5,0.5,0.0,0.0,0.0,0.0,0.25,0.0,0.0,0.0,0.0,0.25
86,2602100.0,0.23182,0.12222222222222223,11,1,2015,2015-11-01,9,3,1,0,0,0,1,0,0,0,5,7,0,1,0,0,1,0,0,1,0,2,0.3333333333333333,0.1111111111111111,0.0,0.0,0.0,0.1111111111111111,0.0,0.0,0.0,0.5555555555555556,0.7777777777777778,0.0,0.1111111111111111,0.0,0.0,0.1111111111111111,0.0,0.0,0.1111111111111111,0.0,0.2222222222222222
87,2668200.0,0.09401,0.13,10,1,2015,2015-10-01,4,0,0,0,0,0,0,0,0,0,2,1,0,0,0,0,0,0,0,0,1,1,0.0,0.0,0.0,0.0,0.0,0.0,0.0,0.0,0.0,0.5,0.25,0.0,0.0,0.0,0.0,0.0,0.0,0.0,0.0,0.25,0.25
88,2644000.0,0.08333,0.10250000000000001,9,1,2015,2015-09-01,4,1,1,0,0,1,1,1,1,0,1,2,0,0,1,0,0,0,1,0,1,1,0.25,0.25,0.0,0.0,0.25,0.25,0.25,0.25,0.0,0.25,0.5,0.0,0.0,0.25,0.0,0.0,0.0,0.25,0.0,0.25,0.25
89,2608300.0,0.25684,0.14,8,1,2015,2015-08-01,1,0,0,0,0,0,0,0,0,0,1,1,0,0,0,0,0,0,0,0,0,0,0.0,0.0,0.0,0.0,0.0,0.0,0.0,0.0,0.0,1.0,1.0,0.0,0.0,0.0,0.0,0.0,0.0,0.0,0.0,0.0,0.0
90,2590800.0,0.24324,0.13,7,1,2015,2015-07-01,3,1,0,0,0,1,1,1,1,0,1,3,0,0,0,0,1,0,0,0,1,1,0.3333333333333333,0.0,0.0,0.0,0.3333333333333333,0.3333333333333333,0.3333333333333333,0.3333333333333333,0.0,0.3333333333333333,1.0,0.0,0.0,0.0,0.0,0.3333333333333333,0.0,0.0,0.0,0.3333333333333333,0.3333333333333333
91,2553100.0,0.31154,0.11600000000000002,6,1,2015,2015-06-01,5,3,1,0,0,1,2,1,0,0,1,4,0,0,0,0,0,0,0,0,2,2,0.6,0.2,0.0,0.0,0.2,0.4,0.2,0.0,0.0,0.2,0.8,0.0,0.0,0.0,0.0,0.0,0.0,0.0,0.0,0.4,0.4
92,2584400.0,0.23028,0.12666666666666668,5,1,2015,2015-05-01,6,2,0,0,0,1,1,1,1,0,3,3,0,1,0,0,1,0,0,0,1,2,0.3333333333333333,0.0,0.0,0.0,0.16666666666666666,0.16666666666666666,0.16666666666666666,0.16666666666666666,0.0,0.5,0.5,0.0,0.16666666666666666,0.0,0.0,0.16666666666666666,0.0,0.0,0.0,0.16666666666666666,0.3333333333333333
93,2699000.0,0.16352,0.11,4,1,2015,2015-04-01,4,1,0,0,0,2,2,2,0,0,2,3,0,0,0,0,1,0,0,0,2,0,0.25,0.0,0.0,0.0,0.5,0.5,0.5,0.0,0.0,0.5,0.75,0.0,0.0,0.0,0.0,0.25,0.0,0.0,0.0,0.5,0.0
94,2675200.0,0.28086,0.12,3,1,2015,2015-03-01,5,2,2,0,0,0,2,1,1,0,5,5,0,1,1,1,0,0,0,1,1,2,0.4,0.4,0.0,0.0,0.0,0.4,0.2,0.2,0.0,1.0,1.0,0.0,0.2,0.2,0.2,0.0,0.0,0.0,0.2,0.2,0.4
95,2496900.0,0.28924,0.1025,2,1,2015,2015-02-01,4,1,0,0,0,0,0,0,0,0,2,3,0,0,0,0,0,0,0,1,0,2,0.25,0.0,0.0,0.0,0.0,0.0,0.0,0.0,0.0,0.5,0.75,0.0,0.0,0.0,0.0,0.0,0.0,0.0,0.25,0.0,0.5
96,2683700.0,0.18284,0.09,1,1,2015,2015-01-01,2,0,0,0,0,0,0,0,0,0,1,2,0,0,0,0,0,0,0,1,0,0,0.0,0.0,0.0,0.0,0.0,0.0,0.0,0.0,0.0,0.5,1.0,0.0,0.0,0.0,0.0,0.0,0.0,0.0,0.5,0.0,0.0
97,2606700.0,0.83853,0.12,12,1,2014,2014-12-01,2,0,0,0,0,0,1,1,0,0,1,1,0,0,0,0,0,0,1,0,0,0,0.0,0.0,0.0,0.0,0.0,0.5,0.5,0.0,0.0,0.5,0.5,0.0,0.0,0.0,0.0,0.0,0.0,0.5,0.0,0.0,0.0
98,2519600.0,1.19453,0.092,11,1,2014,2014-11-01,5,0,1,0,0,0,0,0,0,0,5,5,0,0,0,0,0,0,0,1,0,1,0.0,0.2,0.0,0.0,0.0,0.0,0.0,0.0,0.0,1.0,1.0,0.0,0.0,0.0,0.0,0.0,0.0,0.0,0.2,0.0,0.2
99,2705700.0,1.43037,0.09,10,1,2014,2014-10-01,4,1,0,0,0,1,0,0,0,0,0,1,0,0,0,0,0,0,0,0,0,0,0.25,0.0,0.0,0.0,0.25,0.0,0.0,0.0,0.0,0.0,0.25,0.0,0.0,0.0,0.0,0.0,0.0,0.0,0.0,0.0,0.0
100,2759300.0,1.62777,0.08499999999999999,9,1,2014,2014-09-01,4,0,0,0,0,0,0,0,0,0,1,1,0,0,0,0,0,0,0,0,0,1,0.0,0.0,0.0,0.0,0.0,0.0,0.0,0.0,0.0,0.25,0.25,0.0,0.0,0.0,0.0,0.0,0.0,0.0,0.0,0.0,0.25
101,2786900.0,1.6422,0.09,8,1,2014,2014-08-01,2,2,0,0,0,2,2,1,1,0,1,2,0,0,0,0,1,0,0,0,2,1,1.0,0.0,0.0,0.0,1.0,1.0,0.5,0.5,0.0,0.5,1.0,0.0,0.0,0.0,0.0,0.5,0.0,0.0,0.0,1.0,0.5
102,2704000.0,1.81147,0.095,7,1,2014,2014-07-01,2,1,0,0,0,1,1,0,0,0,2,2,0,0,0,0,0,0,0,1,0,2,0.5,0.0,0.0,0.0,0.5,0.5,0.0,0.0,0.0,1.0,1.0,0.0,0.0,0.0,0.0,0.0,0.0,0.0,0.5,0.0,1.0
103,2668400.0,1.78508,0.09333333333333334,6,1,2014,2014-06-01,3,1,1,0,0,0,0,0,0,0,2,3,0,0,0,0,0,0,0,0,0,1,0.3333333333333333,0.3333333333333333,0.0,0.0,0.0,0.0,0.0,0.0,0.0,0.6666666666666666,1.0,0.0,0.0,0.0,0.0,0.0,0.0,0.0,0.0,0.0,0.3333333333333333
104,2635200.0,1.88991,0.088,5,1,2014,2014-05-01,5,0,2,0,0,0,1,0,0,0,2,2,0,0,0,0,0,0,0,2,0,0,0.0,0.4,0.0,0.0,0.0,0.2,0.0,0.0,0.0,0.4,0.4,0.0,0.0,0.0,0.0,0.0,0.0,0.0,0.4,0.0,0.0
105,2660400.0,1.78119,0.09000000000000001,4,1,2014,2014-04-01,3,0,0,0,0,1,1,0,1,0,0,1,0,0,0,0,0,0,0,0,1,0,0.0,0.0,0.0,0.0,0.3333333333333333,0.3333333333333333,0.0,0.3333333333333333,0.0,0.0,0.3333333333333333,0.0,0.0,0.0,0.0,0.0,0.0,0.0,0.0,0.3333333333333333,0.0
106,2623000.0,1.50461,0.08,3,1,2014,2014-03-01,6,1,0,0,0,1,2,2,1,0,1,3,1,0,0,0,0,0,0,0,1,1,0.16666666666666666,0.0,0.0,0.0,0.16666666666666666,0.3333333333333333,0.3333333333333333,0.16666666666666666,0.0,0.16666666666666666,0.5,0.16666666666666666,0.0,0.0,0.0,0.0,0.0,0.0,0.0,0.16666666666666666,0.16666666666666666
107,2593900.0,1.16849,0.065,2,1,2014,2014-02-01,2,0,0,0,0,0,1,0,0,0,1,2,1,0,0,0,0,0,0,1,0,1,0.0,0.0,0.0,0.0,0.0,0.5,0.0,0.0,0.0,0.5,1.0,0.5,0.0,0.0,0.0,0.0,0.0,0.0,0.5,0.0,0.5
108,2498200.0,1.47936,0.08,1,1,2014,2014-01-01,2,1,0,0,0,1,1,1,0,0,1,2,0,0,0,0,0,0,0,0,0,1,0.5,0.0,0.0,0.0,0.5,0.5,0.5,0.0,0.0,0.5,1.0,0.0,0.0,0.0,0.0,0.0,0.0,0.0,0.0,0.0,0.5
109,2485200.0,1.48221,0.09,12,1,2013,2013-12-01,2,0,0,0,0,0,0,0,0,0,1,0,0,0,0,0,0,0,0,0,0,0,0.0,0.0,0.0,0.0,0.0,0.0,0.0,0.0,0.0,0.5,0.0,0.0,0.0,0.0,0.0,0.0,0.0,0.0,0.0,0.0,0.0
110,2463000.0,1.2643,0.08499999999999999,11,1,2013,2013-11-01,8,1,1,0,0,1,1,1,0,0,4,5,0,0,0,0,0,0,0,1,1,2,0.125,0.125,0.0,0.0,0.125,0.125,0.125,0.0,0.0,0.5,0.625,0.0,0.0,0.0,0.0,0.0,0.0,0.0,0.125,0.125,0.25
111,2375000.0,1.03797,0.08833333333333333,10,1,2013,2013-10-01,6,0,0,0,0,0,1,0,0,0,2,3,0,0,0,0,0,0,0,1,0,0,0.0,0.0,0.0,0.0,0.0,0.16666666666666666,0.0,0.0,0.0,0.3333333333333333,0.5,0.0,0.0,0.0,0.0,0.0,0.0,0.0,0.16666666666666666,0.0,0.0
112,2281100.0,1.16658,0.08,9,1,2013,2013-09-01,2,0,0,0,0,0,1,0,0,0,1,2,0,0,0,0,0,0,0,1,0,0,0.0,0.0,0.0,0.0,0.0,0.5,0.0,0.0,0.0,0.5,1.0,0.0,0.0,0.0,0.0,0.0,0.0,0.0,0.5,0.0,0.0
113,2094200.0,1.61821,0.09333333333333334,7,1,2013,2013-07-01,3,1,1,0,0,0,1,0,0,0,0,2,0,0,0,0,0,0,0,0,0,2,0.3333333333333333,0.3333333333333333,0.0,0.0,0.0,0.3333333333333333,0.0,0.0,0.0,0.0,0.6666666666666666,0.0,0.0,0.0,0.0,0.0,0.0,0.0,0.0,0.0,0.6666666666666666
114,2010600.0,1.52852,0.08666666666666667,6,1,2013,2013-06-01,3,1,0,0,0,0,2,2,0,0,1,3,0,0,0,0,0,0,0,1,1,1,0.3333333333333333,0.0,0.0,0.0,0.0,0.6666666666666666,0.6666666666666666,0.0,0.0,0.3333333333333333,1.0,0.0,0.0,0.0,0.0,0.0,0.0,0.0,0.3333333333333333,0.3333333333333333,0.3333333333333333
115,1930700.0,1.2591,0.1225,5,1,2013,2013-05-01,4,1,0,0,0,1,1,1,0,0,3,4,0,1,0,0,0,0,0,2,1,0,0.25,0.0,0.0,0.0,0.25,0.25,0.25,0.0,0.0,0.75,1.0,0.0,0.25,0.0,0.0,0.0,0.0,0.0,0.5,0.25,0.0
116,1833000.0,1.07945,0.1475,4,1,2013,2013-04-01,8,2,1,0,0,1,3,2,1,0,4,7,0,1,0,0,0,0,1,0,2,2,0.25,0.125,0.0,0.0,0.125,0.375,0.25,0.125,0.0,0.5,0.875,0.0,0.125,0.0,0.0,0.0,0.0,0.125,0.0,0.25,0.25
117,1760400.0,1.29142,0.15166666666666667,3,1,2013,2013-03-01,6,1,1,1,0,2,2,2,1,0,3,5,0,0,0,0,0,0,0,1,2,2,0.16666666666666666,0.16666666666666666,0.16666666666666666,0.0,0.3333333333333333,0.3333333333333333,0.3333333333333333,0.16666666666666666,0.0,0.5,0.8333333333333334,0.0,0.0,0.0,0.0,0.0,0.0,0.0,0.16666666666666666,0.3333333333333333,0.3333333333333333
118,1680100.0,1.61836,0.14333333333333334,2,1,2013,2013-02-01,6,2,0,0,0,1,1,1,0,0,5,6,1,0,0,0,0,0,0,2,1,5,0.3333333333333333,0.0,0.0,0.0,0.16666666666666666,0.16666666666666666,0.16666666666666666,0.0,0.0,0.8333333333333334,1.0,0.16666666666666666,0.0,0.0,0.0,0.0,0.0,0.0,0.3333333333333333,0.16666666666666666,0.8333333333333334
119,1582500.0,1.47398,0.16,1,1,2013,2013-01-01,1,0,0,0,0,0,0,0,0,0,1,1,0,0,0,0,0,0,1,0,0,0,0.0,0.0,0.0,0.0,0.0,0.0,0.0,0.0,0.0,1.0,1.0,0.0,0.0,0.0,0.0,0.0,0.0,1.0,0.0,0.0,0.0
120,1517400.0,1.62552,0.165,12,1,2012,2012-12-01,2,0,0,0,0,0,0,0,0,0,1,1,0,0,0,0,0,0,0,0,0,0,0.0,0.0,0.0,0.0,0.0,0.0,0.0,0.0,0.0,0.5,0.5,0.0,0.0,0.0,0.0,0.0,0.0,0.0,0.0,0.0,0.0
121,1497500.0,1.69922,0.16,11,1,2012,2012-11-01,6,2,1,0,0,1,2,2,0,0,4,6,0,0,0,1,1,0,0,3,1,3,0.3333333333333333,0.16666666666666666,0.0,0.0,0.16666666666666666,0.3333333333333333,0.3333333333333333,0.0,0.0,0.6666666666666666,1.0,0.0,0.0,0.0,0.16666666666666666,0.16666666666666666,0.0,0.0,0.5,0.16666666666666666,0.5
122,1476700.0,1.97721,0.156,10,1,2012,2012-10-01,5,1,1,0,0,1,2,1,0,0,2,4,1,0,0,0,0,0,0,2,1,2,0.2,0.2,0.0,0.0,0.2,0.4,0.2,0.0,0.0,0.4,0.8,0.2,0.0,0.0,0.0,0.0,0.0,0.0,0.4,0.2,0.4
123,1533000.0,1.51242,0.13333333333333333,8,1,2012,2012-08-01,3,0,0,0,0,0,0,0,0,0,0,1,0,0,0,0,0,0,0,0,0,0,0.0,0.0,0.0,0.0,0.0,0.0,0.0,0.0,0.0,0.0,0.3333333333333333,0.0,0.0,0.0,0.0,0.0,0.0,0.0,0.0,0.0,0.0
124,1534200.0,1.41023,0.14,7,1,2012,2012-07-01,3,0,0,0,0,0,0,0,0,0,2,3,1,0,0,0,0,0,0,0,0,0,0.0,0.0,0.0,0.0,0.0,0.0,0.0,0.0,0.0,0.6666666666666666,1.0,0.3333333333333333,0.0,0.0,0.0,0.0,0.0,0.0,0.0,0.0,0.0
125,1509500.0,1.54605,0.16,6,1,2012,2012-06-01,2,1,1,0,0,1,1,1,1,0,1,2,0,0,0,1,1,0,0,0,1,1,0.5,0.5,0.0,0.0,0.5,0.5,0.5,0.5,0.0,0.5,1.0,0.0,0.0,0.0,0.5,0.5,0.0,0.0,0.0,0.5,0.5
126,1512200.0,1.57628,0.15333333333333332,5,1,2012,2012-05-01,3,0,0,0,0,0,0,0,0,0,3,3,0,0,0,1,0,0,0,1,0,1,0.0,0.0,0.0,0.0,0.0,0.0,0.0,0.0,0.0,1.0,1.0,0.0,0.0,0.0,0.3333333333333333,0.0,0.0,0.0,0.3333333333333333,0.0,0.3333333333333333
127,1539900.0,1.99984,0.154,4,1,2012,2012-04-01,5,1,1,0,0,3,2,2,0,0,4,5,0,0,0,1,1,0,0,1,1,2,0.2,0.2,0.0,0.0,0.6,0.4,0.4,0.0,0.0,0.8,1.0,0.0,0.0,0.0,0.2,0.2,0.0,0.0,0.2,0.2,0.4
128,1559800.0,2.2965,0.132,3,1,2012,2012-03-01,5,1,0,0,0,2,2,2,0,0,1,3,0,0,0,0,0,0,0,0,1,1,0.2,0.0,0.0,0.0,0.4,0.4,0.4,0.0,0.0,0.2,0.6,0.0,0.0,0.0,0.0,0.0,0.0,0.0,0.0,0.2,0.2
129,1611800.0,2.51274,0.11499999999999999,2,1,2012,2012-02-01,2,0,0,0,0,0,1,0,0,0,0,2,0,0,0,0,0,0,0,1,0,1,0.0,0.0,0.0,0.0,0.0,0.5,0.0,0.0,0.0,0.0,1.0,0.0,0.0,0.0,0.0,0.0,0.0,0.0,0.5,0.0,0.5
130,1571200.0,2.56932,0.07666666666666667,1,1,2012,2012-01-01,3,0,1,0,0,0,2,1,0,0,3,3,0,1,0,0,0,0,0,1,0,2,0.0,0.3333333333333333,0.0,0.0,0.0,0.6666666666666666,0.3333333333333333,0.0,0.0,1.0,1.0,0.0,0.3333333333333333,0.0,0.0,0.0,0.0,0.0,0.3333333333333333,0.0,0.6666666666666666
131,1548700.0,2.70018,0.08,11,1,2011,2011-11-01,5,1,0,0,0,0,1,1,0,0,3,4,0,0,0,0,1,0,0,1,0,0,0.2,0.0,0.0,0.0,0.0,0.2,0.2,0.0,0.0,0.6,0.8,0.0,0.0,0.0,0.0,0.2,0.0,0.0,0.2,0.0,0.0
132,1595100.0,2.69413,0.07,10,1,2011,2011-10-01,4,2,1,0,0,2,3,2,1,0,3,4,0,1,0,0,0,0,0,0,1,0,0.5,0.25,0.0,0.0,0.5,0.75,0.5,0.25,0.0,0.75,1.0,0.0,0.25,0.0,0.0,0.0,0.0,0.0,0.0,0.25,0.0
133,1599600.0,3.01889,0.085,9,1,2011,2011-09-01,6,2,0,0,0,1,0,0,0,0,2,4,0,0,0,0,1,0,0,0,1,1,0.3333333333333333,0.0,0.0,0.0,0.16666666666666666,0.0,0.0,0.0,0.0,0.3333333333333333,0.6666666666666666,0.0,0.0,0.0,0.0,0.16666666666666666,0.0,0.0,0.0,0.16666666666666666,0.16666666666666666
134,1623700.0,2.97592,0.09,8,1,2011,2011-08-01,1,1,0,0,0,1,1,0,0,0,1,1,0,0,0,0,0,0,0,0,0,0,1.0,0.0,0.0,0.0,1.0,1.0,0.0,0.0,0.0,1.0,1.0,0.0,0.0,0.0,0.0,0.0,0.0,0.0,0.0,0.0,0.0
135,1625000.0,2.78889,0.09333333333333334,6,1,2011,2011-06-01,6,1,1,0,0,0,2,1,0,0,3,5,0,0,0,0,0,0,0,0,1,3,0.16666666666666666,0.16666666666666666,0.0,0.0,0.0,0.3333333333333333,0.16666666666666666,0.0,0.0,0.5,0.8333333333333334,0.0,0.0,0.0,0.0,0.0,0.0,0.0,0.0,0.16666666666666666,0.5
136,1549000.0,2.76679,0.09333333333333334,5,1,2011,2011-05-01,6,0,0,0,0,0,1,0,0,0,3,4,0,0,0,0,0,0,0,1,1,0,0.0,0.0,0.0,0.0,0.0,0.16666666666666666,0.0,0.0,0.0,0.5,0.6666666666666666,0.0,0.0,0.0,0.0,0.0,0.0,0.0,0.16666666666666666,0.16666666666666666,0.0
137,1486700.0,2.48712,0.09166666666666667,4,1,2011,2011-04-01,6,1,1,0,0,1,2,2,1,0,4,6,0,0,0,0,0,0,1,0,1,1,0.16666666666666666,0.16666666666666666,0.0,0.0,0.16666666666666666,0.3333333333333333,0.3333333333333333,0.16666666666666666,0.0,0.6666666666666666,1.0,0.0,0.0,0.0,0.0,0.0,0.0,0.16666666666666666,0.0,0.16666666666666666,0.16666666666666666
138,1393800.0,2.11144,0.136,3,1,2011,2011-03-01,5,0,0,0,0,1,0,0,0,0,4,2,0,0,0,0,0,0,0,0,0,0,0.0,0.0,0.0,0.0,0.2,0.0,0.0,0.0,0.0,0.8,0.4,0.0,0.0,0.0,0.0,0.0,0.0,0.0,0.0,0.0,0.0
139,1221600.0,1.84593,0.16,2,1,2011,2011-02-01,5,2,1,0,0,0,2,0,0,0,3,5,0,1,0,0,0,0,0,1,0,4,0.4,0.2,0.0,0.0,0.0,0.4,0.0,0.0,0.0,0.6,1.0,0.0,0.2,0.0,0.0,0.0,0.0,0.0,0.2,0.0,0.8
140,1068600.0,1.55955,0.17,1,1,2011,2011-01-01,1,1,1,0,0,0,1,1,0,0,1,1,0,0,0,0,0,0,0,0,0,1,1.0,1.0,0.0,0.0,0.0,1.0,1.0,0.0,0.0,1.0,1.0,0.0,0.0,0.0,0.0,0.0,0.0,0.0,0.0,0.0,1.0
141,1037300.0,1.47677,0.195,12,1,2010,2010-12-01,2,1,0,0,0,1,1,0,0,0,1,2,0,0,0,0,0,0,0,0,0,1,0.5,0.0,0.0,0.0,0.5,0.5,0.0,0.0,0.0,0.5,1.0,0.0,0.0,0.0,0.0,0.0,0.0,0.0,0.0,0.0,0.5
142,1000100.0,1.30727,0.196,11,1,2010,2010-11-01,5,1,0,0,0,0,2,1,0,0,2,4,0,0,0,0,0,0,0,1,1,2,0.2,0.0,0.0,0.0,0.0,0.4,0.2,0.0,0.0,0.4,0.8,0.0,0.0,0.0,0.0,0.0,0.0,0.0,0.2,0.2,0.4
143,1000900.0,1.35798,0.194,10,1,2010,2010-10-01,5,1,2,0,0,1,1,1,0,0,1,4,0,1,0,0,0,0,1,0,0,3,0.2,0.4,0.0,0.0,0.2,0.2,0.2,0.0,0.0,0.2,0.8,0.0,0.2,0.0,0.0,0.0,0.0,0.2,0.0,0.0,0.6
144,1009200.0,1.41921,0.194,9,1,2010,2010-09-01,5,0,0,0,0,0,0,0,0,0,1,3,0,0,0,1,0,0,0,0,0,1,0.0,0.0,0.0,0.0,0.0,0.0,0.0,0.0,0.0,0.2,0.6,0.0,0.0,0.0,0.2,0.0,0.0,0.0,0.0,0.0,0.2
145,1046600.0,1.483,0.19,8,1,2010,2010-08-01,2,1,1,0,0,1,2,1,0,0,0,2,0,1,0,0,0,0,0,1,1,1,0.5,0.5,0.0,0.0,0.5,1.0,0.5,0.0,0.0,0.0,1.0,0.0,0.5,0.0,0.0,0.0,0.0,0.0,0.5,0.5,0.5
146,1049500.0,1.63826,0.17666666666666667,7,1,2010,2010-07-01,3,0,0,0,0,0,0,0,0,0,0,0,0,0,0,0,0,0,0,1,0,0,0.0,0.0,0.0,0.0,0.0,0.0,0.0,0.0,0.0,0.0,0.0,0.0,0.0,0.0,0.0,0.0,0.0,0.0,0.3333333333333333,0.0,0.0
147,1061600.0,1.56189,0.16833333333333333,6,1,2010,2010-06-01,6,0,0,0,0,1,0,0,0,0,3,3,0,0,0,0,0,0,0,0,1,2,0.0,0.0,0.0,0.0,0.16666666666666666,0.0,0.0,0.0,0.0,0.5,0.5,0.0,0.0,0.0,0.0,0.0,0.0,0.0,0.0,0.16666666666666666,0.3333333333333333
148,1073800.0,2.20753,0.2025,5,1,2010,2010-05-01,4,2,2,0,0,0,1,0,0,0,4,4,1,1,0,0,0,0,0,1,0,3,0.5,0.5,0.0,0.0,0.0,0.25,0.0,0.0,0.0,1.0,1.0,0.25,0.25,0.0,0.0,0.0,0.0,0.0,0.25,0.0,0.75
149,1079500.0,2.28156,0.195,4,1,2010,2010-04-01,10,1,1,0,0,0,2,2,0,0,4,5,0,1,0,1,0,0,0,0,2,3,0.1,0.1,0.0,0.0,0.0,0.2,0.2,0.0,0.0,0.4,0.5,0.0,0.1,0.0,0.1,0.0,0.0,0.0,0.0,0.2,0.3
150,1146700.0,2.37276,0.156,3,1,2010,2010-03-01,5,2,1,0,0,0,0,0,0,0,4,5,0,0,0,0,0,0,0,1,0,2,0.4,0.2,0.0,0.0,0.0,0.0,0.0,0.0,0.0,0.8,1.0,0.0,0.0,0.0,0.0,0.0,0.0,0.0,0.2,0.0,0.4
151,1186600.0,2.11633,0.1275,2,1,2010,2010-02-01,4,0,0,0,0,0,0,0,0,0,3,3,0,0,0,0,0,0,0,0,0,1,0.0,0.0,0.0,0.0,0.0,0.0,0.0,0.0,0.0,0.75,0.75,0.0,0.0,0.0,0.0,0.0,0.0,0.0,0.0,0.0,0.25
152,1073600.0,2.30143,0.12,1,1,2010,2010-01-01,2,1,0,0,0,0,1,1,0,0,1,2,0,0,0,0,0,0,0,0,0,1,0.5,0.0,0.0,0.0,0.0,0.5,0.5,0.0,0.0,0.5,1.0,0.0,0.0,0.0,0.0,0.0,0.0,0.0,0.0,0.0,0.5
153,1101800.0,2.09031,0.12,12,1,2009,2009-12-01,3,1,0,0,0,0,1,0,0,0,2,3,0,0,0,0,0,0,0,0,0,1,0.3333333333333333,0.0,0.0,0.0,0.0,0.3333333333333333,0.0,0.0,0.0,0.6666666666666666,1.0,0.0,0.0,0.0,0.0,0.0,0.0,0.0,0.0,0.0,0.3333333333333333
154,1105300.0,1.45973,0.122,11,1,2009,2009-11-01,5,1,2,0,0,0,1,0,0,0,3,4,0,1,0,0,1,0,0,1,0,2,0.2,0.4,0.0,0.0,0.0,0.2,0.0,0.0,0.0,0.6,0.8,0.0,0.2,0.0,0.0,0.2,0.0,0.0,0.2,0.0,0.4
155,1021200.0,0.01265,0.11624999999999999,10,1,2009,2009-10-01,8,2,2,0,0,1,2,0,0,0,7,8,2,2,0,0,1,0,0,0,1,2,0.25,0.25,0.0,0.0,0.125,0.25,0.0,0.0,0.0,0.875,1.0,0.25,0.25,0.0,0.0,0.125,0.0,0.0,0.0,0.125,0.25
156,888000.0,-1.02236,0.13,9,1,2009,2009-09-01,5,2,1,0,0,0,0,0,0,0,2,3,1,0,0,0,0,0,0,0,0,2,0.4,0.2,0.0,0.0,0.0,0.0,0.0,0.0,0.0,0.4,0.6,0.2,0.0,0.0,0.0,0.0,0.0,0.0,0.0,0.0,0.4
157,799600.0,-1.10079,0.15666666666666665,8,1,2009,2009-08-01,3,0,0,0,0,0,0,0,0,0,2,3,2,1,0,0,0,0,0,0,0,1,0.0,0.0,0.0,0.0,0.0,0.0,0.0,0.0,0.0,0.6666666666666666,1.0,0.6666666666666666,0.3333333333333333,0.0,0.0,0.0,0.0,0.0,0.0,0.0,0.3333333333333333
158,763600.0,-1.46654,0.15,7,1,2009,2009-07-01,2,0,0,0,0,0,0,0,0,0,1,0,0,0,0,1,0,0,0,1,0,0,0.0,0.0,0.0,0.0,0.0,0.0,0.0,0.0,0.0,0.5,0.0,0.0,0.0,0.0,0.5,0.0,0.0,0.0,0.5,0.0,0.0
159,776200.0,-1.01872,0.20875,6,1,2009,2009-06-01,8,0,0,0,0,2,1,1,0,0,5,6,1,2,0,0,1,0,0,1,1,3,0.0,0.0,0.0,0.0,0.25,0.125,0.125,0.0,0.0,0.625,0.75,0.125,0.25,0.0,0.0,0.125,0.0,0.0,0.125,0.125,0.375
160,869300.0,-0.88936,0.17333333333333334,5,1,2009,2009-05-01,3,0,0,0,0,0,0,0,0,0,1,2,0,0,0,0,0,0,0,0,0,0,0.0,0.0,0.0,0.0,0.0,0.0,0.0,0.0,0.0,0.3333333333333333,0.6666666666666666,0.0,0.0,0.0,0.0,0.0,0.0,0.0,0.0,0.0,0.0
161,849600.0,-0.56742,0.13833333333333334,4,1,2009,2009-04-01,6,2,0,0,0,2,2,0,0,0,2,5,0,0,0,0,0,0,0,0,0,4,0.3333333333333333,0.0,0.0,0.0,0.3333333333333333,0.3333333333333333,0.0,0.0,0.0,0.3333333333333333,0.8333333333333334,0.0,0.0,0.0,0.0,0.0,0.0,0.0,0.0,0.0,0.6666666666666666
162,745900.0,-0.52581,0.18000000000000002,3,1,2009,2009-03-01,3,0,0,0,0,1,0,0,0,0,2,3,0,1,0,0,0,0,0,0,0,1,0.0,0.0,0.0,0.0,0.3333333333333333,0.0,0.0,0.0,0.0,0.6666666666666666,1.0,0.0,0.3333333333333333,0.0,0.0,0.0,0.0,0.0,0.0,0.0,0.3333333333333333
163,666600.0,-0.13156,0.22,2,1,2009,2009-02-01,3,1,0,0,0,0,1,0,0,0,1,3,0,1,0,0,0,0,0,1,0,2,0.3333333333333333,0.0,0.0,0.0,0.0,0.3333333333333333,0.0,0.0,0.0,0.3333333333333333,1.0,0.0,0.3333333333333333,0.0,0.0,0.0,0.0,0.0,0.3333333333333333,0.0,0.6666666666666666
164,825400.0,-0.11146,0.1,1,1,2009,2009-01-01,1,1,0,0,0,0,0,0,0,0,1,1,1,1,0,0,0,0,0,1,0,1,1.0,0.0,0.0,0.0,0.0,0.0,0.0,0.0,0.0,1.0,1.0,1.0,1.0,0.0,0.0,0.0,0.0,0.0,1.0,0.0,1.0
165,788000.0,0.12893,0.25333333333333335,12,1,2008,2008-12-01,6,1,0,0,0,0,0,0,0,0,3,5,0,0,0,0,0,0,0,0,0,1,0.16666666666666666,0.0,0.0,0.0,0.0,0.0,0.0,0.0,0.0,0.5,0.8333333333333334,0.0,0.0,0.0,0.0,0.0,0.0,0.0,0.0,0.0,0.16666666666666666
166,576800.0,0.92617,0.325,11,1,2008,2008-11-01,4,1,0,0,0,0,0,0,0,0,1,3,0,0,0,0,0,0,0,0,0,1,0.25,0.0,0.0,0.0,0.0,0.0,0.0,0.0,0.0,0.25,0.75,0.0,0.0,0.0,0.0,0.0,0.0,0.0,0.0,0.0,0.25
167,284600.0,2.67195,1.1783333333333335,10,1,2008,2008-10-01,6,2,0,0,0,0,0,0,0,0,1,4,0,1,0,1,0,0,0,0,0,2,0.3333333333333333,0.0,0.0,0.0,0.0,0.0,0.0,0.0,0.0,0.16666666666666666,0.6666666666666666,0.0,0.16666666666666666,0.0,0.16666666666666666,0.0,0.0,0.0,0.0,0.0,0.3333333333333333
168,74600.0,3.66714,1.98,9,1,2008,2008-09-01,2,0,0,0,0,0,0,0,0,0,0,1,0,0,0,0,0,0,0,0,0,0,0.0,0.0,0.0,0.0,0.0,0.0,0.0,0.0,0.0,0.0,0.5,0.0,0.0,0.0,0.0,0.0,0.0,0.0,0.0,0.0,0.0
169,16600.0,3.98108,2.02,8,1,2008,2008-08-01,1,1,0,0,0,0,0,0,0,0,0,1,0,0,0,0,0,0,0,1,0,0,1.0,0.0,0.0,0.0,0.0,0.0,0.0,0.0,0.0,0.0,1.0,0.0,0.0,0.0,0.0,0.0,0.0,0.0,1.0,0.0,0.0
170,16600.0,4.1354,1.9899999999999998,7,1,2008,2008-07-01,5,2,1,0,0,0,1,1,0,0,0,4,0,0,0,1,1,0,0,1,0,1,0.4,0.2,0.0,0.0,0.0,0.2,0.2,0.0,0.0,0.0,0.8,0.0,0.0,0.0,0.2,0.2,0.0,0.0,0.2,0.0,0.2
171,16700.0,3.81178,1.9977777777777779,6,1,2008,2008-06-01,9,4,1,0,0,0,0,0,1,0,0,7,2,1,0,0,2,0,1,0,1,1,0.4444444444444444,0.1111111111111111,0.0,0.0,0.0,0.0,0.0,0.1111111111111111,0.0,0.0,0.7777777777777778,0.2222222222222222,0.1111111111111111,0.0,0.0,0.2222222222222222,0.0,0.1111111111111111,0.0,0.1111111111111111,0.1111111111111111
172,16600.0,3.28228,1.9959999999999998,5,1,2008,2008-05-01,10,3,1,0,0,0,2,1,0,1,1,9,1,0,0,0,1,0,2,1,0,2,0.3,0.1,0.0,0.0,0.0,0.2,0.1,0.0,0.1,0.1,0.9,0.1,0.0,0.0,0.0,0.1,0.0,0.2,0.1,0.0,0.2
173,16300.0,3.1403,2.27,4,1,2008,2008-04-01,8,1,1,0,0,0,1,0,0,0,0,5,0,1,0,1,1,0,0,0,0,1,0.125,0.125,0.0,0.0,0.0,0.125,0.0,0.0,0.0,0.0,0.625,0.0,0.125,0.0,0.125,0.125,0.0,0.0,0.0,0.0,0.125
174,16500.0,3.19059,2.8111111111111113,3,1,2008,2008-03-01,9,4,4,0,0,0,1,0,1,0,0,8,0,0,0,1,1,0,0,1,2,4,0.4444444444444444,0.4444444444444444,0.0,0.0,0.0,0.1111111111111111,0.0,0.1111111111111111,0.0,0.0,0.8888888888888888,0.0,0.0,0.0,0.1111111111111111,0.1111111111111111,0.0,0.0,0.1111111111111111,0.2222222222222222,0.4444444444444444
175,14900.0,3.27298,2.94,2,1,2008,2008-02-01,7,3,2,0,0,0,2,1,1,0,0,5,2,2,0,0,1,0,0,0,0,4,0.42857142857142855,0.2857142857142857,0.0,0.0,0.0,0.2857142857142857,0.14285714285714285,0.14285714285714285,0.0,0.0,0.7142857142857143,0.2857142857142857,0.2857142857142857,0.0,0.0,0.14285714285714285,0.0,0.0,0.0,0.0,0.5714285714285714
176,15400.0,3.3884,4.223333333333334,1,1,2008,2008-01-01,3,1,1,0,0,0,1,0,0,0,0,1,0,0,0,1,1,0,0,0,0,0,0.3333333333333333,0.3333333333333333,0.0,0.0,0.0,0.3333333333333333,0.0,0.0,0.0,0.0,0.3333333333333333,0.0,0.0,0.0,0.3333333333333333,0.3333333333333333,0.0,0.0,0.0,0.0,0.0
177,15200.0,3.59924,4.472727272727273,11,1,2007,2007-11-01,11,6,2,0,0,0,3,2,0,1,0,11,0,1,0,3,1,0,0,0,0,3,0.5454545454545454,0.18181818181818182,0.0,0.0,0.0,0.2727272727272727,0.18181818181818182,0.0,0.09090909090909091,0.0,1.0,0.0,0.09090909090909091,0.0,0.2727272727272727,0.09090909090909091,0.0,0.0,0.0,0.0,0.2727272727272727
178,15100.0,3.08932,4.764444444444444,10,1,2007,2007-10-01,9,4,2,0,0,0,1,0,0,1,1,8,3,0,0,1,0,0,0,3,0,1,0.4444444444444444,0.2222222222222222,0.0,0.0,0.0,0.1111111111111111,0.0,0.0,0.1111111111111111,0.1111111111111111,0.8888888888888888,0.3333333333333333,0.0,0.0,0.1111111111111111,0.0,0.0,0.0,0.3333333333333333,0.0,0.1111111111111111
179,15400.0,2.53418,4.86,9,1,2007,2007-09-01,8,4,2,0,0,0,0,0,1,0,2,8,0,2,0,0,1,0,0,0,1,3,0.5,0.25,0.0,0.0,0.0,0.0,0.0,0.125,0.0,0.25,1.0,0.0,0.25,0.0,0.0,0.125,0.0,0.0,0.0,0.125,0.375
180,17900.0,1.87347,5.13,8,1,2007,2007-08-01,2,1,0,0,0,0,0,0,0,0,0,2,0,0,1,0,0,0,0,2,0,1,0.5,0.0,0.0,0.0,0.0,0.0,0.0,0.0,0.0,0.0,1.0,0.0,0.0,0.5,0.0,0.0,0.0,0.0,1.0,0.0,0.5
181,15100.0,2.12444,5.25,7,1,2007,2007-07-01,2,1,1,0,0,0,1,0,1,0,0,1,0,1,0,0,0,0,0,1,1,1,0.5,0.5,0.0,0.0,0.0,0.5,0.0,0.5,0.0,0.0,0.5,0.0,0.5,0.0,0.0,0.0,0.0,0.0,0.5,0.5,0.5
182,15400.0,2.31726,5.23,6,1,2007,2007-06-01,5,1,0,0,0,0,0,0,0,0,0,3,0,0,0,0,0,0,0,1,1,1,0.2,0.0,0.0,0.0,0.0,0.0,0.0,0.0,0.0,0.0,0.6,0.0,0.0,0.0,0.0,0.0,0.0,0.0,0.2,0.2,0.2
183,15900.0,2.35323,5.256,5,1,2007,2007-05-01,10,2,1,0,0,0,2,2,2,0,0,9,0,1,0,1,1,0,0,2,3,3,0.2,0.1,0.0,0.0,0.0,0.2,0.2,0.2,0.0,0.0,0.9,0.0,0.1,0.0,0.1,0.1,0.0,0.0,0.2,0.3,0.3
184,15300.0,2.33149,5.236,4,1,2007,2007-04-01,5,2,2,0,0,0,2,1,0,0,0,4,0,0,0,0,1,0,0,0,1,0,0.4,0.4,0.0,0.0,0.0,0.4,0.2,0.0,0.0,0.0,0.8,0.0,0.0,0.0,0.0,0.2,0.0,0.0,0.0,0.2,0.0
185,14500.0,2.56581,5.254545454545454,3,1,2007,2007-03-01,11,6,3,0,0,0,2,2,0,0,0,10,3,1,0,0,3,0,0,2,1,8,0.5454545454545454,0.2727272727272727,0.0,0.0,0.0,0.18181818181818182,0.18181818181818182,0.0,0.0,0.0,0.9090909090909091,0.2727272727272727,0.09090909090909091,0.0,0.0,0.2727272727272727,0.0,0.0,0.18181818181818182,0.09090909090909091,0.7272727272727273
186,14700.0,2.38868,5.256666666666667,2,1,2007,2007-02-01,3,0,0,0,0,0,1,0,1,0,1,1,0,1,0,0,0,0,0,1,1,0,0.0,0.0,0.0,0.0,0.0,0.3333333333333333,0.0,0.3333333333333333,0.0,0.3333333333333333,0.3333333333333333,0.0,0.3333333333333333,0.0,0.0,0.0,0.0,0.0,0.3333333333333333,0.3333333333333333,0.0
187,15700.0,2.13322,5.238,1,1,2007,2007-01-01,5,3,1,0,0,0,1,0,0,1,1,5,0,1,0,0,1,0,0,1,1,3,0.6,0.2,0.0,0.0,0.0,0.2,0.0,0.0,0.2,0.2,1.0,0.0,0.2,0.0,0.0,0.2,0.0,0.0,0.2,0.2,0.6
188,15600.0,2.28684,5.27,12,1,2006,2006-12-01,3,1,1,0,0,0,1,0,0,0,0,2,0,1,0,1,1,0,0,0,2,2,0.3333333333333333,0.3333333333333333,0.0,0.0,0.0,0.3333333333333333,0.0,0.0,0.0,0.0,0.6666666666666666,0.0,0.3333333333333333,0.0,0.3333333333333333,0.3333333333333333,0.0,0.0,0.0,0.6666666666666666,0.6666666666666666
189,15400.0,1.92408,5.2525,11,1,2006,2006-11-01,8,4,1,0,0,0,1,0,0,1,0,6,0,0,0,0,2,0,0,0,2,3,0.5,0.125,0.0,0.0,0.0,0.125,0.0,0.0,0.125,0.0,0.75,0.0,0.0,0.0,0.0,0.25,0.0,0.0,0.0,0.25,0.375
190,15300.0,1.67724,5.241666666666667,10,1,2006,2006-10-01,6,1,1,0,0,0,0,0,0,0,0,4,0,1,0,0,1,0,0,2,2,2,0.16666666666666666,0.16666666666666666,0.0,0.0,0.0,0.0,0.0,0.0,0.0,0.0,0.6666666666666666,0.0,0.16666666666666666,0.0,0.0,0.16666666666666666,0.0,0.0,0.3333333333333333,0.3333333333333333,0.3333333333333333
191,16100.0,2.08113,5.263333333333333,9,1,2006,2006-09-01,3,1,0,0,0,0,0,0,0,0,0,1,0,0,0,0,0,0,0,0,1,1,0.3333333333333333,0.0,0.0,0.0,0.0,0.0,0.0,0.0,0.0,0.0,0.3333333333333333,0.0,0.0,0.0,0.0,0.0,0.0,0.0,0.0,0.3333333333333333,0.3333333333333333
192,15900.0,3.33601,5.279999999999999,8,1,2006,2006-08-01,2,0,0,0,0,0,0,0,0,0,0,2,0,0,0,0,1,0,0,0,1,0,0.0,0.0,0.0,0.0,0.0,0.0,0.0,0.0,0.0,0.0,1.0,0.0,0.0,0.0,0.0,0.5,0.0,0.0,0.0,0.5,0.0
193,16700.0,3.42781,5.23,7,1,2006,2006-07-01,2,1,0,0,0,0,0,0,0,0,0,2,0,0,0,0,1,0,0,0,1,0,0.5,0.0,0.0,0.0,0.0,0.0,0.0,0.0,0.0,0.0,1.0,0.0,0.0,0.0,0.0,0.5,0.0,0.0,0.0,0.5,0.0
194,17200.0,3.51295,4.995833333333334,6,1,2006,2006-06-01,12,4,1,0,0,0,0,0,0,0,0,11,0,1,0,0,0,0,0,0,0,5,0.3333333333333333,0.08333333333333333,0.0,0.0,0.0,0.0,0.0,0.0,0.0,0.0,0.9166666666666666,0.0,0.08333333333333333,0.0,0.0,0.0,0.0,0.0,0.0,0.0,0.4166666666666667
195,18200.0,3.32176,4.948,5,1,2006,2006-05-01,10,0,0,0,0,0,1,0,0,0,1,9,0,2,0,1,1,0,0,1,0,3,0.0,0.0,0.0,0.0,0.0,0.1,0.0,0.0,0.0,0.1,0.9,0.0,0.2,0.0,0.1,0.1,0.0,0.0,0.1,0.0,0.3
196,18300.0,3.10237,4.795454545454546,4,1,2006,2006-04-01,11,3,0,0,0,0,2,0,0,1,1,10,0,1,0,0,0,0,1,3,1,4,0.2727272727272727,0.0,0.0,0.0,0.0,0.18181818181818182,0.0,0.0,0.09090909090909091,0.09090909090909091,0.9090909090909091,0.0,0.09090909090909091,0.0,0.0,0.0,0.0,0.09090909090909091,0.2727272727272727,0.09090909090909091,0.36363636363636365
197,21000.0,2.91357,4.648888888888888,3,1,2006,2006-03-01,9,3,2,0,0,0,0,0,0,0,0,8,0,1,1,0,1,0,0,2,0,6,0.3333333333333333,0.2222222222222222,0.0,0.0,0.0,0.0,0.0,0.0,0.0,0.0,0.8888888888888888,0.0,0.1111111111111111,0.1111111111111111,0.0,0.1111111111111111,0.0,0.0,0.2222222222222222,0.0,0.6666666666666666
198,17900.0,3.0225,4.484,2,1,2006,2006-02-01,5,1,1,0,0,0,1,1,1,0,0,4,0,0,0,0,1,0,0,0,1,3,0.2,0.2,0.0,0.0,0.0,0.2,0.2,0.2,0.0,0.0,0.8,0.0,0.0,0.0,0.0,0.2,0.0,0.0,0.0,0.2,0.6
199,19300.0,3.24706,4.24,1,1,2006,2006-01-01,1,0,0,0,0,0,0,0,0,0,0,1,0,0,0,0,0,0,0,0,0,1,0.0,0.0,0.0,0.0,0.0,0.0,0.0,0.0,0.0,0.0,1.0,0.0,0.0,0.0,0.0,0.0,0.0,0.0,0.0,0.0,1.0
200,18400.0,2.88395,4.05,12,1,2005,2005-12-01,5,0,0,0,0,0,1,0,0,0,0,3,0,1,0,0,0,0,0,0,0,0,0.0,0.0,0.0,0.0,0.0,0.2,0.0,0.0,0.0,0.0,0.6,0.0,0.2,0.0,0.0,0.0,0.0,0.0,0.0,0.0,0.0
201,18300.0,2.93935,4.0,11,1,2005,2005-11-01,8,2,1,0,0,0,0,0,0,0,0,7,0,0,0,1,0,0,0,2,0,2,0.25,0.125,0.0,0.0,0.0,0.0,0.0,0.0,0.0,0.0,0.875,0.0,0.0,0.0,0.125,0.0,0.0,0.0,0.25,0.0,0.25
202,18300.0,3.55116,3.6390000000000002,10,1,2005,2005-10-01,10,5,1,0,0,0,4,0,0,0,0,8,0,1,0,1,1,0,1,1,2,3,0.5,0.1,0.0,0.0,0.0,0.4,0.0,0.0,0.0,0.0,0.8,0.0,0.1,0.0,0.1,0.1,0.0,0.1,0.1,0.2,0.3
203,19900.0,3.83077,3.765,9,1,2005,2005-09-01,6,1,1,0,0,0,0,0,1,0,0,4,0,0,0,0,0,0,0,0,1,2,0.16666666666666666,0.16666666666666666,0.0,0.0,0.0,0.0,0.0,0.16666666666666666,0.0,0.0,0.6666666666666666,0.0,0.0,0.0,0.0,0.0,0.0,0.0,0.0,0.16666666666666666,0.3333333333333333
204,19400.0,3.04012,3.54,8,1,2005,2005-08-01,1,1,1,0,0,0,0,0,0,0,0,1,0,0,0,0,0,0,0,0,0,0,1.0,1.0,0.0,0.0,0.0,0.0,0.0,0.0,0.0,0.0,1.0,0.0,0.0,0.0,0.0,0.0,0.0,0.0,0.0,0.0,0.0
205,19700.0,2.67968,3.27,7,1,2005,2005-07-01,1,1,1,0,0,0,0,0,0,0,0,1,0,0,0,1,0,0,0,0,0,1,1.0,1.0,0.0,0.0,0.0,0.0,0.0,0.0,0.0,0.0,1.0,0.0,0.0,0.0,1.0,0.0,0.0,0.0,0.0,0.0,1.0
206,20000.0,2.33993,3.0012499999999998,6,1,2005,2005-06-01,8,1,0,0,0,0,0,0,0,0,0,8,0,0,0,0,0,0,0,2,0,2,0.125,0.0,0.0,0.0,0.0,0.0,0.0,0.0,0.0,0.0,1.0,0.0,0.0,0.0,0.0,0.0,0.0,0.0,0.25,0.0,0.25
207,20900.0,2.56989,3.013333333333333,5,1,2005,2005-05-01,12,3,1,0,0,0,2,2,2,1,0,11,2,1,0,0,0,0,0,4,2,4,0.25,0.08333333333333333,0.0,0.0,0.0,0.16666666666666666,0.16666666666666666,0.16666666666666666,0.08333333333333333,0.0,0.9166666666666666,0.16666666666666666,0.08333333333333333,0.0,0.0,0.0,0.0,0.0,0.3333333333333333,0.16666666666666666,0.3333333333333333
208,21900.0,2.8439,2.74,4,1,2005,2005-04-01,9,3,2,0,0,0,1,0,1,0,0,8,0,2,0,0,0,0,4,1,1,5,0.3333333333333333,0.2222222222222222,0.0,0.0,0.0,0.1111111111111111,0.0,0.1111111111111111,0.0,0.0,0.8888888888888888,0.0,0.2222222222222222,0.0,0.0,0.0,0.0,0.4444444444444444,0.1111111111111111,0.1111111111111111,0.5555555555555556
209,21200.0,2.74774,2.6122222222222224,3,1,2005,2005-03-01,9,2,2,0,0,0,2,0,1,0,0,8,0,2,0,0,1,0,2,2,1,4,0.2222222222222222,0.2222222222222222,0.0,0.0,0.0,0.2222222222222222,0.0,0.1111111111111111,0.0,0.0,0.8888888888888888,0.0,0.2222222222222222,0.0,0.0,0.1111111111111111,0.0,0.2222222222222222,0.2222222222222222,0.1111111111111111,0.4444444444444444
210,21700.0,2.59896,2.516,2,1,2005,2005-02-01,5,2,1,0,0,1,1,0,1,0,1,5,0,0,0,0,1,0,0,0,1,2,0.4,0.2,0.0,0.0,0.2,0.2,0.0,0.2,0.0,0.2,1.0,0.0,0.0,0.0,0.0,0.2,0.0,0.0,0.0,0.2,0.4
211,25700.0,2.53262,2.2671428571428573,1,1,2005,2005-01-01,7,1,0,0,0,2,2,1,0,1,1,5,0,0,0,1,4,0,1,1,2,3,0.14285714285714285,0.0,0.0,0.0,0.2857142857142857,0.2857142857142857,0.14285714285714285,0.0,0.14285714285714285,0.14285714285714285,0.7142857142857143,0.0,0.0,0.0,0.14285714285714285,0.5714285714285714,0.0,0.14285714285714285,0.14285714285714285,0.2857142857142857,0.42857142857142855
212,22800.0,2.79375,1.995,12,1,2004,2004-12-01,2,1,1,0,0,0,1,0,0,0,0,2,0,0,0,1,1,0,0,0,0,2,0.5,0.5,0.0,0.0,0.0,0.5,0.0,0.0,0.0,0.0,1.0,0.0,0.0,0.0,0.5,0.5,0.0,0.0,0.0,0.0,1.0
213,22400.0,2.96503,1.95,11,1,2004,2004-11-01,4,1,1,0,0,0,1,0,0,0,0,4,0,0,0,0,0,0,1,1,0,2,0.25,0.25,0.0,0.0,0.0,0.25,0.0,0.0,0.0,0.0,1.0,0.0,0.0,0.0,0.0,0.0,0.0,0.25,0.25,0.0,0.5
214,22600.0,2.69967,1.7525,10,1,2004,2004-10-01,16,8,4,0,0,0,4,0,1,0,0,13,0,5,1,0,2,0,2,2,1,4,0.5,0.25,0.0,0.0,0.0,0.25,0.0,0.0625,0.0,0.0,0.8125,0.0,0.3125,0.0625,0.0,0.125,0.0,0.125,0.125,0.0625,0.25
215,23400.0,2.27273,1.6875,9,1,2004,2004-09-01,4,2,0,0,0,0,1,1,0,0,0,4,0,0,0,0,0,0,1,1,0,1,0.5,0.0,0.0,0.0,0.0,0.25,0.25,0.0,0.0,0.0,1.0,0.0,0.0,0.0,0.0,0.0,0.0,0.25,0.25,0.0,0.25
216,22500.0,2.39245,1.5133333333333334,8,1,2004,2004-08-01,3,0,0,0,0,0,0,0,0,0,0,3,0,0,0,0,0,0,0,0,1,0,0.0,0.0,0.0,0.0,0.0,0.0,0.0,0.0,0.0,0.0,1.0,0.0,0.0,0.0,0.0,0.0,0.0,0.0,0.0,0.3333333333333333,0.0
217,23300.0,2.68481,1.2625,7,1,2004,2004-07-01,4,1,0,0,0,1,1,1,0,0,0,4,1,0,0,0,0,0,1,1,2,2,0.25,0.0,0.0,0.0,0.25,0.25,0.25,0.0,0.0,0.0,1.0,0.25,0.0,0.0,0.0,0.0,0.0,0.25,0.25,0.5,0.5
218,23500.0,2.89129,1.00125,6,1,2004,2004-06-01,8,3,1,0,0,0,2,0,0,0,0,6,0,0,0,0,1,0,1,0,1,3,0.375,0.125,0.0,0.0,0.0,0.25,0.0,0.0,0.0,0.0,0.75,0.0,0.0,0.0,0.0,0.125,0.0,0.125,0.0,0.125,0.375
219,24200.0,2.70778,1.0076923076923077,5,1,2004,2004-05-01,13,3,1,0,0,0,0,0,0,1,1,10,0,3,1,1,0,0,0,0,0,4,0.23076923076923078,0.07692307692307693,0.0,0.0,0.0,0.0,0.0,0.0,0.07692307692307693,0.07692307692307693,0.7692307692307693,0.0,0.23076923076923078,0.07692307692307693,0.07692307692307693,0.0,0.0,0.0,0.0,0.0,0.3076923076923077
220,24300.0,2.25877,1.0050000000000001,4,1,2004,2004-04-01,14,5,4,0,0,1,3,2,0,0,0,11,2,1,0,0,2,0,1,3,4,7,0.35714285714285715,0.2857142857142857,0.0,0.0,0.07142857142857142,0.21428571428571427,0.14285714285714285,0.0,0.0,0.0,0.7857142857142857,0.14285714285714285,0.07142857142857142,0.0,0.0,0.14285714285714285,0.0,0.07142857142857142,0.21428571428571427,0.2857142857142857,0.5
221,22700.0,1.89616,1.009090909090909,3,1,2004,2004-03-01,11,2,0,0,0,0,1,0,2,0,0,10,0,1,1,0,4,0,2,0,2,6,0.18181818181818182,0.0,0.0,0.0,0.0,0.09090909090909091,0.0,0.18181818181818182,0.0,0.0,0.9090909090909091,0.0,0.09090909090909091,0.09090909090909091,0.0,0.36363636363636365,0.0,0.18181818181818182,0.0,0.18181818181818182,0.5454545454545454
222,21800.0,1.99978,1.0145454545454546,2,1,2004,2004-02-01,11,3,1,0,0,0,1,1,1,0,0,10,2,1,0,0,1,0,1,0,1,8,0.2727272727272727,0.09090909090909091,0.0,0.0,0.0,0.09090909090909091,0.09090909090909091,0.09090909090909091,0.0,0.0,0.9090909090909091,0.18181818181818182,0.09090909090909091,0.0,0.0,0.09090909090909091,0.0,0.09090909090909091,0.0,0.09090909090909091,0.7272727272727273
223,22700.0,2.21273,1.005,1,1,2004,2004-01-01,4,1,1,0,0,0,2,0,1,0,0,4,0,3,0,0,0,0,2,0,2,2,0.25,0.25,0.0,0.0,0.0,0.5,0.0,0.25,0.0,0.0,1.0,0.0,0.75,0.0,0.0,0.0,0.0,0.5,0.0,0.5,0.5
224,23000.0,2.12353,0.98,12,1,2003,2003-12-01,2,0,0,0,0,0,0,0,1,0,0,2,0,1,0,0,0,0,0,1,1,0,0.0,0.0,0.0,0.0,0.0,0.0,0.0,0.5,0.0,0.0,1.0,0.0,0.5,0.0,0.0,0.0,0.0,0.0,0.5,0.5,0.0
225,23400.0,1.99648,0.9916666666666667,11,1,2003,2003-11-01,6,3,0,0,0,2,1,1,0,0,0,6,0,0,0,1,2,0,1,0,2,1,0.5,0.0,0.0,0.0,0.3333333333333333,0.16666666666666666,0.16666666666666666,0.0,0.0,0.0,1.0,0.0,0.0,0.0,0.16666666666666666,0.3333333333333333,0.0,0.16666666666666666,0.0,0.3333333333333333,0.16666666666666666
226,23000.0,1.96894,1.006,10,1,2003,2003-10-01,10,5,3,0,0,1,0,0,1,0,0,9,0,2,1,0,2,0,0,0,1,6,0.5,0.3,0.0,0.0,0.1,0.0,0.0,0.1,0.0,0.0,0.9,0.0,0.2,0.1,0.0,0.2,0.0,0.0,0.0,0.1,0.6
227,24100.0,2.1414,1.008,9,1,2003,2003-09-01,5,2,0,0,0,0,2,2,0,0,0,4,0,3,0,0,2,0,2,0,2,2,0.4,0.0,0.0,0.0,0.0,0.4,0.4,0.0,0.0,0.0,0.8,0.0,0.6,0.0,0.0,0.4,0.0,0.4,0.0,0.4,0.4
228,25400.0,2.00571,0.9966666666666667,8,1,2003,2003-08-01,3,0,0,0,0,0,0,0,0,0,0,2,0,0,0,1,0,0,0,0,0,0,0.0,0.0,0.0,0.0,0.0,0.0,0.0,0.0,0.0,0.0,0.6666666666666666,0.0,0.0,0.0,0.3333333333333333,0.0,0.0,0.0,0.0,0.0,0.0
229,23400.0,1.86239,1.05,7,1,2003,2003-07-01,1,1,1,0,0,0,1,1,0,0,0,1,0,0,0,0,1,0,0,0,1,1,1.0,1.0,0.0,0.0,0.0,1.0,1.0,0.0,0.0,0.0,1.0,0.0,0.0,0.0,0.0,1.0,0.0,0.0,0.0,1.0,1.0
230,22500.0,1.78837,1.233,6,1,2003,2003-06-01,10,2,2,0,0,0,0,0,1,0,0,9,0,0,0,0,0,0,0,1,0,3,0.2,0.2,0.0,0.0,0.0,0.0,0.0,0.1,0.0,0.0,0.9,0.0,0.0,0.0,0.0,0.0,0.0,0.0,0.1,0.0,0.3
231,23000.0,1.80676,1.2616666666666667,5,1,2003,2003-05-01,6,1,0,0,0,0,1,1,0,0,0,5,0,0,0,0,0,0,0,0,0,0,0.16666666666666666,0.0,0.0,0.0,0.0,0.16666666666666666,0.16666666666666666,0.0,0.0,0.0,0.8333333333333334,0.0,0.0,0.0,0.0,0.0,0.0,0.0,0.0,0.0,0.0
232,22300.0,1.98934,1.2477777777777779,4,1,2003,2003-04-01,9,0,1,0,0,0,0,0,0,0,0,7,0,1,0,0,1,0,0,1,0,2,0.0,0.1111111111111111,0.0,0.0,0.0,0.0,0.0,0.0,0.0,0.0,0.7777777777777778,0.0,0.1111111111111111,0.0,0.0,0.1111111111111111,0.0,0.0,0.1111111111111111,0.0,0.2222222222222222
233,21400.0,2.58909,1.24,3,1,2003,2003-03-01,6,2,2,0,0,0,1,1,0,0,0,6,0,1,0,0,2,0,0,0,0,3,0.3333333333333333,0.3333333333333333,0.0,0.0,0.0,0.16666666666666666,0.16666666666666666,0.0,0.0,0.0,1.0,0.0,0.16666666666666666,0.0,0.0,0.3333333333333333,0.0,0.0,0.0,0.0,0.5
234,20700.0,2.60616,1.255,2,1,2003,2003-02-01,8,3,1,0,0,2,2,1,0,1,1,8,1,1,0,0,1,0,1,1,0,7,0.375,0.125,0.0,0.0,0.25,0.25,0.125,0.0,0.125,0.125,1.0,0.125,0.125,0.0,0.0,0.125,0.0,0.125,0.125,0.0,0.875
235,20900.0,2.13244,1.26,12,1,2002,2002-12-01,3,1,0,0,0,0,0,0,1,0,0,3,0,0,0,0,0,0,0,2,1,1,0.3333333333333333,0.0,0.0,0.0,0.0,0.0,0.0,0.3333333333333333,0.0,0.0,1.0,0.0,0.0,0.0,0.0,0.0,0.0,0.0,0.6666666666666666,0.3333333333333333,0.3333333333333333
236,20300.0,1.92975,1.252857142857143,11,1,2002,2002-11-01,14,2,0,0,0,1,2,1,0,0,0,12,0,1,1,0,1,0,0,1,0,5,0.14285714285714285,0.0,0.0,0.0,0.07142857142857142,0.14285714285714285,0.07142857142857142,0.0,0.0,0.0,0.8571428571428571,0.0,0.07142857142857142,0.07142857142857142,0.0,0.07142857142857142,0.0,0.0,0.07142857142857142,0.0,0.35714285714285715
237,19200.0,1.75939,1.7607692307692309,10,1,2002,2002-10-01,13,2,0,0,0,1,0,0,0,1,1,11,0,0,0,1,3,0,0,1,1,6,0.15384615384615385,0.0,0.0,0.0,0.07692307692307693,0.0,0.0,0.0,0.07692307692307693,0.07692307692307693,0.8461538461538461,0.0,0.0,0.0,0.07692307692307693,0.23076923076923078,0.0,0.0,0.07692307692307693,0.07692307692307693,0.46153846153846156
238,19000.0,1.93272,1.79,9,1,2002,2002-09-01,3,0,0,0,0,0,0,0,0,0,0,1,0,0,0,0,0,0,0,0,0,0,0.0,0.0,0.0,0.0,0.0,0.0,0.0,0.0,0.0,0.0,0.3333333333333333,0.0,0.0,0.0,0.0,0.0,0.0,0.0,0.0,0.0,0.0
239,18700.0,1.40392,1.81,8,1,2002,2002-08-01,1,0,1,0,0,0,0,0,0,0,0,1,0,0,1,0,0,0,0,0,0,0,0.0,1.0,0.0,0.0,0.0,0.0,0.0,0.0,0.0,0.0,1.0,0.0,0.0,1.0,0.0,0.0,0.0,0.0,0.0,0.0,0.0
240,18300.0,1.19212,1.72,7,1,2002,2002-07-01,3,1,0,0,0,0,1,0,0,0,0,1,0,0,0,0,0,0,0,0,0,0,0.3333333333333333,0.0,0.0,0.0,0.0,0.3333333333333333,0.0,0.0,0.0,0.0,0.3333333333333333,0.0,0.0,0.0,0.0,0.0,0.0,0.0,0.0,0.0,0.0
241,18200.0,0.93509,1.7433333333333334,6,1,2002,2002-06-01,3,0,0,0,0,0,0,0,0,0,0,3,0,0,0,0,0,0,0,0,0,1,0.0,0.0,0.0,0.0,0.0,0.0,0.0,0.0,0.0,0.0,1.0,0.0,0.0,0.0,0.0,0.0,0.0,0.0,0.0,0.0,0.3333333333333333
242,19200.0,0.98817,1.7333333333333334,5,1,2002,2002-05-01,9,0,0,0,0,0,0,0,0,0,0,8,0,2,0,0,0,0,0,0,0,0,0.0,0.0,0.0,0.0,0.0,0.0,0.0,0.0,0.0,0.0,0.8888888888888888,0.0,0.2222222222222222,0.0,0.0,0.0,0.0,0.0,0.0,0.0,0.0
243,19700.0,1.18817,1.7566666666666666,4,1,2002,2002-04-01,3,0,0,0,0,0,0,0,0,0,0,2,0,0,0,0,0,0,0,0,0,0,0.0,0.0,0.0,0.0,0.0,0.0,0.0,0.0,0.0,0.0,0.6666666666666666,0.0,0.0,0.0,0.0,0.0,0.0,0.0,0.0,0.0,0.0
244,18800.0,0.94338,1.72,3,1,2002,2002-03-01,9,1,0,0,0,2,1,1,1,0,0,9,1,1,0,0,0,0,0,1,2,3,0.1111111111111111,0.0,0.0,0.0,0.2222222222222222,0.1111111111111111,0.1111111111111111,0.1111111111111111,0.0,0.0,1.0,0.1111111111111111,0.1111111111111111,0.0,0.0,0.0,0.0,0.0,0.1111111111111111,0.2222222222222222,0.3333333333333333
245,18600.0,0.67768,1.7683333333333333,2,1,2002,2002-02-01,6,0,0,0,0,0,0,0,0,0,0,6,0,0,0,0,1,0,0,0,0,2,0.0,0.0,0.0,0.0,0.0,0.0,0.0,0.0,0.0,0.0,1.0,0.0,0.0,0.0,0.0,0.16666666666666666,0.0,0.0,0.0,0.0,0.3333333333333333
246,19200.0,0.66612,1.7014285714285715,1,1,2002,2002-01-01,7,2,1,0,0,1,3,1,0,0,0,6,0,1,0,1,2,0,0,0,1,3,0.2857142857142857,0.14285714285714285,0.0,0.0,0.14285714285714285,0.42857142857142855,0.14285714285714285,0.0,0.0,0.0,0.8571428571428571,0.0,0.14285714285714285,0.0,0.14285714285714285,0.2857142857142857,0.0,0.0,0.0,0.14285714285714285,0.42857142857142855
247,18500.0,1.06233,1.883333333333333,12,1,2001,2001-12-01,3,1,0,0,0,0,1,0,0,0,1,3,1,1,0,0,0,0,0,0,0,1,0.3333333333333333,0.0,0.0,0.0,0.0,0.3333333333333333,0.0,0.0,0.0,0.3333333333333333,1.0,0.3333333333333333,0.3333333333333333,0.0,0.0,0.0,0.0,0.0,0.0,0.0,0.3333333333333333
248,17300.0,1.3217,2.0483333333333333,11,1,2001,2001-11-01,6,1,0,0,0,1,0,0,0,0,0,5,0,1,0,0,1,0,0,1,0,2,0.16666666666666666,0.0,0.0,0.0,0.16666666666666666,0.0,0.0,0.0,0.0,0.0,0.8333333333333334,0.0,0.16666666666666666,0.0,0.0,0.16666666666666666,0.0,0.0,0.16666666666666666,0.0,0.3333333333333333
249,19900.0,1.53207,2.47375,10,1,2001,2001-10-01,8,0,0,0,0,0,0,0,0,0,0,6,0,1,0,0,0,0,0,0,0,0,0.0,0.0,0.0,0.0,0.0,0.0,0.0,0.0,0.0,0.0,0.75,0.0,0.125,0.0,0.0,0.0,0.0,0.0,0.0,0.0,0.0
250,34100.0,1.3139,3.67,9,1,2001,2001-09-01,1,0,0,0,0,0,0,0,0,0,0,1,0,0,0,0,0,0,0,0,0,0,0.0,0.0,0.0,0.0,0.0,0.0,0.0,0.0,0.0,0.0,1.0,0.0,0.0,0.0,0.0,0.0,0.0,0.0,0.0,0.0,0.0
251,15000.0,2.09567,3.67,8,1,2001,2001-08-01,3,0,0,0,0,0,0,0,0,0,0,2,0,0,0,0,0,0,0,0,0,0,0.0,0.0,0.0,0.0,0.0,0.0,0.0,0.0,0.0,0.0,0.6666666666666666,0.0,0.0,0.0,0.0,0.0,0.0,0.0,0.0,0.0,0.0
252,14900.0,2.10193,3.7199999999999998,7,1,2001,2001-07-01,2,1,1,0,0,0,1,1,1,0,0,2,0,0,0,0,1,0,0,0,0,1,0.5,0.5,0.0,0.0,0.0,0.5,0.5,0.5,0.0,0.0,1.0,0.0,0.0,0.0,0.0,0.5,0.0,0.0,0.0,0.0,0.5
253,14200.0,2.39173,3.9499999999999997,6,1,2001,2001-06-01,7,1,0,0,0,1,1,1,0,0,0,6,0,1,0,0,1,0,1,1,2,2,0.14285714285714285,0.0,0.0,0.0,0.14285714285714285,0.14285714285714285,0.14285714285714285,0.0,0.0,0.0,0.8571428571428571,0.0,0.14285714285714285,0.0,0.0,0.14285714285714285,0.0,0.14285714285714285,0.14285714285714285,0.2857142857142857,0.2857142857142857
254,14500.0,2.55675,4.12625,5,1,2001,2001-05-01,8,3,2,0,0,0,2,0,0,0,1,5,0,1,1,0,1,0,0,0,1,3,0.375,0.25,0.0,0.0,0.0,0.25,0.0,0.0,0.0,0.125,0.625,0.0,0.125,0.125,0.0,0.125,0.0,0.0,0.0,0.125,0.375
255,13700.0,2.37354,4.72,4,1,2001,2001-04-01,7,1,1,0,0,0,0,0,1,0,0,6,0,0,0,0,0,0,0,1,0,2,0.14285714285714285,0.14285714285714285,0.0,0.0,0.0,0.0,0.0,0.14285714285714285,0.0,0.0,0.8571428571428571,0.0,0.0,0.0,0.0,0.0,0.0,0.0,0.14285714285714285,0.0,0.2857142857142857
256,13800.0,2.10919,5.298333333333333,3,1,2001,2001-03-01,6,1,1,0,0,0,0,0,0,0,0,6,0,1,0,0,1,0,0,0,0,2,0.16666666666666666,0.16666666666666666,0.0,0.0,0.0,0.0,0.0,0.0,0.0,0.0,1.0,0.0,0.16666666666666666,0.0,0.0,0.16666666666666666,0.0,0.0,0.0,0.0,0.3333333333333333
257,13500.0,2.53933,5.532500000000001,2,1,2001,2001-02-01,4,1,0,0,0,0,0,0,1,0,0,4,0,0,0,0,1,0,0,0,1,1,0.25,0.0,0.0,0.0,0.0,0.0,0.0,0.25,0.0,0.0,1.0,0.0,0.0,0.0,0.0,0.25,0.0,0.0,0.0,0.25,0.25
258,14200.0,2.70148,6.04,1,1,2001,2001-01-01,2,1,0,0,0,0,0,0,0,0,0,1,0,0,0,0,0,0,0,0,1,0,0.5,0.0,0.0,0.0,0.0,0.0,0.0,0.0,0.0,0.0,0.5,0.0,0.0,0.0,0.0,0.0,0.0,0.0,0.0,0.5,0.0
